company,next_earnings_date,next_earnings_time_ET,next_earnings_taipei
3M Company,2026-07-21,08:00 EDT,2026-07-21 20:00
ABB Taiwan,2026-10-20,11:00 EDT,2026-10-20 23:00
Accretech,2026-08-04,02:00 EDT,2026-08-04 14:00
Accton,2026-08-06,01:00 EDT,2026-08-06 13:00
Acer,2026-08-06,01:00 EDT,2026-08-06 13:00
ADTechnology,,,
Advanced Echem Materials Co Ltd,,,
Advanced Energy Industries Inc,2026-08-03,16:00 EDT,2026-08-04 04:00
Advanced Micro Devices Inc,2026-08-04,16:00 EDT,2026-08-05 04:00
Advantest Corp,2026-07-29,02:00 EDT,2026-07-29 14:00
AGC,2026-08-04,02:00 EDT,2026-08-04 14:00
Air Liquide SA,2026-07-28,11:00 EDT,2026-07-28 23:00
Air Products,2026-07-30,08:00 EDT,2026-07-30 20:00
Aisin,2026-07-31,02:00 EDT,2026-07-31 14:00
Alibaba,2026-08-28,08:00 EDT,2026-08-28 20:00
Alphabet Inc.,2026-07-22,16:00 EDT,2026-07-23 04:00
Amazon.com,2026-07-30,16:00 EDT,2026-07-31 04:00
Amkor Technology Inc,2026-07-27,16:00 EDT,2026-07-28 04:00
Amphenol,2026-07-29,08:00 EDT,2026-07-29 20:00
Analog Devices,2026-08-19,08:00 EDT,2026-08-19 20:00
Apple Inc,2026-07-30,16:00 EDT,2026-07-31 04:00
Applied Materials Inc,2026-08-13,16:00 EDT,2026-08-14 04:00
Aptiv,2026-08-04,08:00 EDT,2026-08-04 20:00
Ardentec,,,
Arm,2026-07-29,16:00 EDT,2026-07-30 04:00
Asahi Kasei Corp,2026-07-31,02:00 EDT,2026-07-31 14:00
ASE Technology Holding Co Ltd,2026-07-30,01:00 EDT,2026-07-30 13:00
ASM International NV,2026-07-28,11:00 EDT,2026-07-28 23:00
ASM Pacific Technology Ltd,2026-07-29,04:00 EDT,2026-07-29 16:00
ASML Holding NV,2026-10-14,08:00 EDT,2026-10-14 20:00
ASUS,2026-08-11,01:00 EDT,2026-08-11 13:00
AURAS,,,
AVC,2026-08-11,01:00 EDT,2026-08-11 13:00
Baidu,2026-08-19,08:00 EDT,2026-08-19 20:00
BASF SE,2026-07-29,11:00 EDT,2026-07-29 23:00
BE Semiconductor Industries NV,2026-07-23,11:00 EDT,2026-07-23 23:00
Bitmain,,,
BMW,2026-07-30,11:00 EDT,2026-07-30 23:00
BorgWarner,2026-08-05,08:00 EDT,2026-08-05 20:00
Bosch,,,
Broadcom Inc,2026-09-03,16:00 EDT,2026-09-04 04:00
Bruker,2026-08-04,08:00 EDT,2026-08-04 20:00
BYD,2026-08-27,04:00 EDT,2026-08-27 16:00
C Sun Manufacturing Ltd,,,
Canon Inc,2026-07-27,02:00 EDT,2026-07-27 14:00
CATL,,,
Changan,,,
Chipbond,,,
ChipMOS Technologies Inc,2026-08-11,01:00 EDT,2026-08-11 13:00
CHPT,2026-09-02,16:00 EDT,2026-09-03 04:00
Chroma,2026-07-30,01:00 EDT,2026-07-30 13:00
Chunghwa Telecom,2026-08-05,01:00 EDT,2026-08-05 13:00
Cirrus Logic Inc,2026-08-05,16:00 EDT,2026-08-06 04:00
Cisco,2026-08-12,16:00 EDT,2026-08-13 04:00
Coherent Corp,2026-08-12,16:00 EDT,2026-08-13 04:00
Intel Corp,2026-07-23,16:00 EDT,2026-07-24 04:00
Continental,2026-08-04,11:00 EDT,2026-08-04 23:00
CoreWeave,2026-08-12,16:00 EDT,2026-08-13 04:00
CSSC Special Gas,,,
Infineon Technologies AG,2026-08-05,11:00 EDT,2026-08-05 23:00
CYSCO,,,
Daifuku Co Ltd,2026-08-06,02:00 EDT,2026-08-06 14:00
Daimler Truck,2026-08-07,11:00 EDT,2026-08-07 23:00
DB HiTek,,,
Dell,2026-09-03,16:00 EDT,2026-09-04 04:00
Denso,2026-07-31,02:00 EDT,2026-07-31 14:00
Disco Corp,2026-07-23,02:00 EDT,2026-07-23 14:00
DuPont de Nemours Inc,2026-08-04,08:00 EDT,2026-08-04 20:00
Ebara Corp,2026-08-14,02:00 EDT,2026-08-14 14:00
Elite Advanced Laser Corp,,,
Entegris Inc,2026-08-04,08:00 EDT,2026-08-04 20:00
Eternal Materials Co Ltd,,,
Ferrotec Holdings Corp,2026-08-14,02:00 EDT,2026-08-14 14:00
Flex,2026-07-29,08:00 EDT,2026-07-29 20:00
Foci,,,
Ford,2026-07-28,16:00 EDT,2026-07-29 04:00
FormFactor Inc,2026-07-29,16:00 EDT,2026-07-30 04:00
Formosa Advanced,,,
Formosa Sumco,,,
Foryou,,,
FPC,2026-08-13,01:00 EDT,2026-08-13 13:00
Fujibo,,,
Fujifilm holdings corp,2026-08-06,02:00 EDT,2026-08-06 14:00
GAC,2026-08-28,04:00 EDT,2026-08-28 16:00
Gigabyte,2026-08-13,01:00 EDT,2026-08-13 13:00
Globalfoundries Inc,2026-08-05,08:00 EDT,2026-08-05 20:00
Globalwafers Co Ltd,,,
GM,2026-07-21,08:00 EDT,2026-07-21 20:00
Grand process technology corp,,,
Great Wall,2026-08-28,04:00 EDT,2026-08-28 16:00
Greatek,,,
Gudeng,,,
HHGrace,2026-08-13,04:00 EDT,2026-08-13 16:00
Hitachi High-Tech,2026-07-29,02:00 EDT,2026-07-29 14:00
Hon Hai,2026-08-13,01:00 EDT,2026-08-13 13:00
Honda,2026-08-05,02:00 EDT,2026-08-05 14:00
Horiba Ltd,2026-08-06,02:00 EDT,2026-08-06 14:00
Hoya Corporation,2026-07-31,02:00 EDT,2026-07-31 14:00
HP,2026-08-26,16:00 EDT,2026-08-27 04:00
HPE,2026-09-03,16:00 EDT,2026-09-04 04:00
Huayu,,,
Huizhou Desay SV,,,
Hyundai Mobis,2026-07-24,02:00 EDT,2026-07-24 14:00
Hyundai Motor,2026-07-23,02:00 EDT,2026-07-23 14:00
Ibiden Co Ltd,2026-08-04,02:00 EDT,2026-08-04 14:00
Ichor Holdings Ltd,2026-08-04,16:00 EDT,2026-08-05 04:00
InvenSense,2026-07-31,02:00 EDT,2026-07-31 14:00
Inventec,,,
iST,,,
Iwatani,2026-08-06,02:00 EDT,2026-08-06 14:00
Jabil,2026-09-24,08:00 EDT,2026-09-24 20:00
"JCET Group Co., Ltd.",,,
Jentech Precision Industrial Co Ltd,2026-08-11,01:00 EDT,2026-08-11 13:00
JX Metals,2026-08-06,02:00 EDT,2026-08-06 14:00
Kenda,,,
Keysight Technologies Inc,2026-08-18,16:00 EDT,2026-08-19 04:00
KFMI,,,
King Slide,2026-07-23,01:00 EDT,2026-07-23 13:00
Kinik,,,
KLA Corp,2026-07-28,16:00 EDT,2026-07-29 04:00
Kokusai Electric,2026-08-06,02:00 EDT,2026-08-06 14:00
Kurita,2026-08-06,02:00 EDT,2026-08-06 14:00
KYEC,2026-08-07,01:00 EDT,2026-08-07 13:00
Lam Research Corp,2026-07-29,16:00 EDT,2026-07-30 04:00
Lasertec Corp,2026-08-06,02:00 EDT,2026-08-06 14:00
Lear,2026-07-31,08:00 EDT,2026-07-31 20:00
Lenovo,2026-08-12,04:00 EDT,2026-08-12 16:00
LG Energy Solution,2026-07-30,02:00 EDT,2026-07-30 14:00
Li Auto,2026-08-27,08:00 EDT,2026-08-27 20:00
Linde Taiwan,2026-07-31,08:00 EDT,2026-07-31 20:00
Lingsen,,,
Lintec Corp,2026-08-06,02:00 EDT,2026-08-06 14:00
Lotes,2026-08-10,01:00 EDT,2026-08-10 13:00
Lucid,2026-08-04,16:00 EDT,2026-08-05 04:00
LX Semicon,,,
Magna International,2026-07-31,08:00 EDT,2026-07-31 20:00
Marketech,,,
Marvell Technology,2026-08-27,16:00 EDT,2026-08-28 04:00
Mediatek,2026-07-29,01:00 EDT,2026-07-29 13:00
Medtronic,2026-09-01,08:00 EDT,2026-09-01 20:00
Mercedes-Benz,2026-07-28,11:00 EDT,2026-07-28 23:00
Merck KGaA,2026-08-06,11:00 EDT,2026-08-06 23:00
Meta Platforms Inc,2026-07-29,16:00 EDT,2026-07-30 04:00
Microchip Technology Inc,2026-08-06,16:00 EDT,2026-08-07 04:00
Micron Technology Inc,2026-09-23,16:00 EDT,2026-09-24 04:00
Microsoft Corporation,2026-07-29,16:00 EDT,2026-07-30 04:00
Mitsubishi Gas Chemical,2026-08-07,02:00 EDT,2026-08-07 14:00
Mitsubishi Materials Corp,2026-08-06,02:00 EDT,2026-08-06 14:00
Mitsui & Co Ltd,2026-08-04,02:00 EDT,2026-08-04 14:00
MKS Instruments Inc,2026-08-05,16:00 EDT,2026-08-06 04:00
Mobileye,2026-07-23,08:00 EDT,2026-07-23 20:00
Monolithic Power Systems,2026-07-30,16:00 EDT,2026-07-31 04:00
Murata Manufacturing Co Ltd,2026-07-31,02:00 EDT,2026-07-31 14:00
Nagase & Co Ltd,2026-08-04,02:00 EDT,2026-08-04 14:00
Nan Ya Plastics,2026-08-07,01:00 EDT,2026-08-07 13:00
Nan Ya Printed Circuit Board Corp,,,
NGK Insulators Ltd,2026-07-30,02:00 EDT,2026-07-30 14:00
Nikon Corp,2026-08-06,02:00 EDT,2026-08-06 14:00
Ningbo Joyson,,,
Nio,2026-09-01,08:00 EDT,2026-09-01 20:00
Nippon Electric Glass Co Ltd,2026-07-31,02:00 EDT,2026-07-31 14:00
Nissan Chemical Corp,2026-08-07,02:00 EDT,2026-08-07 14:00
Nissan Motor,2026-08-03,02:00 EDT,2026-08-03 14:00
Nordic Semiconductor,2026-08-06,10:00 EDT,2026-08-06 22:00
Nordson,2026-08-19,16:00 EDT,2026-08-20 04:00
Nova Measuring Instruments Ltd,2026-08-06,08:00 EDT,2026-08-06 20:00
Novatek,2026-08-05,01:00 EDT,2026-08-05 13:00
NSHD,2026-07-29,02:00 EDT,2026-07-29 14:00
Nvidia Corp,2026-08-26,16:00 EDT,2026-08-27 04:00
NXP Semiconductors,2026-07-28,16:00 EDT,2026-07-29 04:00
onsemi,2026-08-03,16:00 EDT,2026-08-04 04:00
Onto Innovation Inc,2026-08-06,16:00 EDT,2026-08-07 04:00
Oracle Corporation,2026-09-09,16:00 EDT,2026-09-10 04:00
oRGANO,2026-08-03,02:00 EDT,2026-08-03 14:00
oRIENT,,,
pANASONIC,2026-07-30,02:00 EDT,2026-07-30 14:00
pcsc,2026-07-29,01:00 EDT,2026-07-29 13:00
Pegatron,2026-08-12,01:00 EDT,2026-08-12 13:00
Powerchip,,,
PSI,,,
PTI,2026-07-28,01:00 EDT,2026-07-28 13:00
Qnity,2026-08-04,08:00 EDT,2026-08-04 20:00
Qorvo,2026-07-28,16:00 EDT,2026-07-29 04:00
Qualcomm,2026-07-29,16:00 EDT,2026-07-30 04:00
Quanta Computer,2026-08-12,01:00 EDT,2026-08-12 13:00
Realtek,2026-07-30,01:00 EDT,2026-07-30 13:00
Renesas Electronics Corporation,2026-07-31,02:00 EDT,2026-07-31 14:00
Resonac Holdings Corp,2026-08-06,02:00 EDT,2026-08-06 14:00
Rivian,2026-07-30,16:00 EDT,2026-07-31 04:00
SAIC Motor,,,
Samsung Electronics Co Ltd,2026-07-29,02:00 EDT,2026-07-29 14:00
Samsung SDI,2026-07-30,02:00 EDT,2026-07-30 14:00
San Fu Chemical Co Ltd,,,
Scientech Corp,,,
Screen Holdings Co Ltd,2026-07-28,02:00 EDT,2026-07-28 14:00
Seagate,2026-07-28,16:00 EDT,2026-07-29 04:00
Semiconductor Manufacturing International Corp,2026-08-06,04:00 EDT,2026-08-06 16:00
Sensortek,,,
Shibaura Mechatronics Corp,2026-08-06,02:00 EDT,2026-08-06 14:00
Shihlin Electric,,,
Shin-Etsu Chemical Co Ltd,2026-07-24,02:00 EDT,2026-07-24 14:00
Shiny Chemical Industrial Co ltd,,,
siemens EDA,2026-08-06,11:00 EDT,2026-08-06 23:00
Sigurd,,,
Silicon Labs,2026-08-04,16:00 EDT,2026-08-05 04:00
Silicon Motion,2026-07-29,16:00 EDT,2026-07-30 04:00
Siltronic,2026-07-30,11:00 EDT,2026-07-30 23:00
SiTime,2026-08-05,16:00 EDT,2026-08-06 04:00
Sitronix Technology,,,
SK Hynix,2026-07-28,02:00 EDT,2026-07-28 14:00
SK Innovation,2026-07-30,02:00 EDT,2026-07-30 14:00
Skyworks,2026-07-28,16:00 EDT,2026-07-29 04:00
SmartSens,,,
SMC Taiwan,2026-08-06,02:00 EDT,2026-08-06 14:00
Socionext,2026-07-29,02:00 EDT,2026-07-29 14:00
Soitec,2026-11-18,10:00 EST,2026-11-18 23:00
Sony Group Corporation,2026-07-31,02:00 EDT,2026-07-31 14:00
Stellantis,,,
STMicroelectronics NV.,2026-07-23,08:00 EDT,2026-07-23 20:00
SUMCO Corp,2026-08-06,02:00 EDT,2026-08-06 14:00
Sumitomo Chemical Co Ltd.,2026-08-04,02:00 EDT,2026-08-04 14:00
Sumitomo Heavy Industries Ltd.,2026-08-04,02:00 EDT,2026-08-04 14:00
Super Micro Computer,2026-08-04,16:00 EDT,2026-08-05 04:00
SUSS,2026-08-06,11:00 EDT,2026-08-06 23:00
Synaptics,2026-08-06,16:00 EDT,2026-08-07 04:00
Systex,,,
Taikisha,2026-08-07,02:00 EDT,2026-08-07 14:00
Taiwan Mask,,,
TSMC,2026-10-15,01:00 EDT,2026-10-15 13:00
Tazmo Co Ltd,,,
Technoprobe SpA,2026-08-05,11:00 EDT,2026-08-05 23:00
Teradyne Inc,2026-07-28,16:00 EDT,2026-07-29 04:00
Tesla,2026-07-22,16:00 EDT,2026-07-23 04:00
Texas Instruments,2026-07-22,16:00 EDT,2026-07-23 04:00
Tokyo Electron Ltd,2026-07-30,02:00 EDT,2026-07-30 14:00
Tokyo Ohka Kogyo Co Ltd,2026-08-06,02:00 EDT,2026-08-06 14:00
TongFu,,,
Topco,,,
Tower Semi,2026-08-04,08:00 EDT,2026-08-04 20:00
Toyota Motor Corp,2026-08-04,02:00 EDT,2026-08-04 14:00
TSC,,,
UIS,,,
Ultra Clean Holdings Inc,2026-08-03,16:00 EDT,2026-08-04 04:00
Ulvac Inc,2026-08-14,02:00 EDT,2026-08-14 14:00
unimicron technology Corp,2026-07-28,01:00 EDT,2026-07-28 13:00
united microelectronics corp,2026-07-29,01:00 EDT,2026-07-29 13:00
valleo,2026-07-22,11:00 EDT,2026-07-22 23:00
VAT Group AG,2026-07-22,11:00 EDT,2026-07-22 23:00
vEECO,2026-08-05,16:00 EDT,2026-08-06 04:00
vERTIV,2026-07-29,08:00 EDT,2026-07-29 20:00
vis,2026-08-04,01:00 EDT,2026-08-04 13:00
vISTEON,2026-07-23,08:00 EDT,2026-07-23 20:00
vOLKSWAGEN,,,
wALTON,,,
wISTRON Corporation,,,
Wiwynn,2026-08-07,01:00 EDT,2026-08-07 13:00
Wonik IPS CO LTD,,,
x-fab,2026-07-30,11:00 EDT,2026-07-30 23:00
xiaomi,2026-08-25,04:00 EDT,2026-08-25 16:00
xintec,,,
Xpeng,2026-08-18,08:00 EDT,2026-08-18 20:00
Zeiss,2026-08-06,11:00 EDT,2026-08-06 23:00
