company_id;calendar_year;calendar_quarter;segment_code;financial_code;financial_value;financial_report_value
102;2019;1;2019Q1_EmsMember;SEG_REVENUE;;3804.727
102;2019;2;2019Q2_EmsMember;SEG_REVENUE;;3988.489
102;2019;4;2019Q4_EmsMember;SEG_REVENUE;;4417.552
102;2020;1;2020Q1_EmsMember;SEG_REVENUE;;3829.954
102;2020;2;2020Q2_EmsMember;SEG_REVENUE;;3387.289
102;2020;4;2020Q4_EmsMember;SEG_REVENUE;;3593.0
102;2021;1;2021Q1_EmsMember;SEG_REVENUE;;3179.482
102;2021;2;2021Q2_EmsMember;SEG_REVENUE;;3642.992
102;2021;4;2021Q4_EmsMember;SEG_REVENUE;;3858.0
102;2022;1;2022Q1_EmsMember;SEG_REVENUE;;3774.0
102;2022;2;2022Q2_EmsMember;SEG_REVENUE;;4491.0
102;2022;4;2022Q4_EmsMember;SEG_REVENUE;;4546.0
102;2019;1;2019Q1_DmsMember;SEG_REVENUE;;2262.263
102;2019;2;2019Q2_DmsMember;SEG_REVENUE;;2147.113
102;2019;4;2019Q4_DmsMember;SEG_REVENUE;;3088.146
102;2020;1;2020Q1_DmsMember;SEG_REVENUE;;2295.129
102;2020;2;2020Q2_DmsMember;SEG_REVENUE;;2948.353
102;2020;4;2020Q4_DmsMember;SEG_REVENUE;;4240.0
102;2021;1;2021Q1_DmsMember;SEG_REVENUE;;3649.064
102;2021;2;2021Q2_DmsMember;SEG_REVENUE;;3571.653
102;2021;4;2021Q4_DmsMember;SEG_REVENUE;;4709.0
102;2022;1;2022Q1_DmsMember;SEG_REVENUE;;3779.0
102;2022;2;2022Q2_DmsMember;SEG_REVENUE;;3837.0
102;2022;4;2022Q4_DmsMember;SEG_REVENUE;;5089.0
102;2022;1;2022Q1_DiversifiedManufacturingServicesMember;SEG_REVENUE;;3779.0
102;2022;2;2022Q2_DiversifiedManufacturingServicesMember;SEG_REVENUE;;3837.0
102;2022;4;2022Q4_DiversifiedManufacturingServicesMember;SEG_REVENUE;;5089.0
102;2023;1;2023Q1_DiversifiedManufacturingServicesMember;SEG_REVENUE;;4083.0
102;2023;2;2023Q2_DiversifiedManufacturingServicesMember;SEG_REVENUE;;4345.0
102;2023;4;2023Q4_DiversifiedManufacturingServicesMember;SEG_REVENUE;;4795.0
102;2024;1;2024Q1_DiversifiedManufacturingServicesMember;SEG_REVENUE;;3436.0
102;2024;2;2024Q2_DiversifiedManufacturingServicesMember;SEG_REVENUE;;3368.0
102;2023;4;2023Q4_ConnectedLivingAndDigitalCommerceMember;SEG_REVENUE;;2827.0
102;2024;1;2024Q1_ConnectedLivingAndDigitalCommerceMember;SEG_REVENUE;;1539.0
102;2024;2;2024Q2_ConnectedLivingAndDigitalCommerceMember;SEG_REVENUE;;1443.0
102;2024;4;2024Q4_ConnectedLivingAndDigitalCommerceMember;SEG_REVENUE;;1541.0
102;2025;1;2025Q1_ConnectedLivingAndDigitalCommerceMember;SEG_REVENUE;;1340.0
102;2025;2;2025Q2_ConnectedLivingAndDigitalCommerceMember;SEG_REVENUE;;1339.0
102;2025;4;2025Q4_ConnectedLivingAndDigitalCommerceMember;SEG_REVENUE;;1379.0
102;2023;4;2023Q4_RegulatedIndustriesMember;SEG_REVENUE;;3192.0
102;2024;1;2024Q1_RegulatedIndustriesMember;SEG_REVENUE;;2984.0
102;2024;2;2024Q2_RegulatedIndustriesMember;SEG_REVENUE;;3045.0
102;2024;4;2024Q4_RegulatedIndustriesMember;SEG_REVENUE;;2957.0
102;2025;1;2025Q1_RegulatedIndustriesMember;SEG_REVENUE;;2741.0
102;2025;2;2025Q2_RegulatedIndustriesMember;SEG_REVENUE;;3056.0
102;2025;4;2025Q4_RegulatedIndustriesMember;SEG_REVENUE;;3073.0
102;2022;1;2022Q1_ElectronicsManufacturingServicesMember;SEG_REVENUE;;3774.0
102;2022;2;2022Q2_ElectronicsManufacturingServicesMember;SEG_REVENUE;;4491.0
102;2022;4;2022Q4_ElectronicsManufacturingServicesMember;SEG_REVENUE;;4546.0
102;2023;1;2023Q1_ElectronicsManufacturingServicesMember;SEG_REVENUE;;4051.0
102;2023;2;2023Q2_ElectronicsManufacturingServicesMember;SEG_REVENUE;;4130.0
102;2023;4;2023Q4_ElectronicsManufacturingServicesMember;SEG_REVENUE;;3592.0
102;2024;1;2024Q1_ElectronicsManufacturingServicesMember;SEG_REVENUE;;3331.0
102;2024;2;2024Q2_ElectronicsManufacturingServicesMember;SEG_REVENUE;;3397.0
102;2023;4;2023Q4_IntelligentInfrastructureMember;SEG_REVENUE;;2368.0
102;2024;1;2024Q1_IntelligentInfrastructureMember;SEG_REVENUE;;2244.0
102;2024;2;2024Q2_IntelligentInfrastructureMember;SEG_REVENUE;;2277.0
102;2024;4;2024Q4_IntelligentInfrastructureMember;SEG_REVENUE;;2496.0
102;2025;1;2025Q1_IntelligentInfrastructureMember;SEG_REVENUE;;2647.0
102;2025;2;2025Q2_IntelligentInfrastructureMember;SEG_REVENUE;;3433.0
102;2025;4;2025Q4_IntelligentInfrastructureMember;SEG_REVENUE;;3853.0
112;2020;1;2020Q1_BrukerCalidGroupMember;SEG_REVENUE;;140.5
112;2020;2;2020Q2_BrukerCalidGroupMember;SEG_REVENUE;;132.7
112;2020;3;2020Q3_BrukerCalidGroupMember;SEG_REVENUE;;171.3
112;2021;1;2021Q1_BrukerCalidGroupMember;SEG_REVENUE;;192.4
112;2021;2;2021Q2_BrukerCalidGroupMember;SEG_REVENUE;;193.3
112;2021;3;2021Q3_BrukerCalidGroupMember;SEG_REVENUE;;194.2
112;2022;1;2022Q1_BrukerCalidGroupMember;SEG_REVENUE;;203.2
112;2022;2;2022Q2_BrukerCalidGroupMember;SEG_REVENUE;;190.3
112;2022;3;2022Q3_BrukerCalidGroupMember;SEG_REVENUE;;207.5
112;2023;1;2023Q1_BrukerCalidGroupMember;SEG_REVENUE;;236.7
112;2023;2;2023Q2_BrukerCalidGroupMember;SEG_REVENUE;;227.2
112;2023;3;2023Q3_BrukerCalidGroupMember;SEG_REVENUE;;239.3
112;2024;1;2024Q1_BrukerCalidGroupMember;SEG_REVENUE;;227.9
112;2024;2;2024Q2_BrukerCalidGroupMember;SEG_REVENUE;;265.6
112;2024;3;2024Q3_BrukerCalidGroupMember;SEG_REVENUE;;279.4
112;2019;1;2019Q1_EnergyAndSuperconTechnologiesMember;SEG_REVENUE;;47.8
112;2019;2;2019Q2_EnergyAndSuperconTechnologiesMember;SEG_REVENUE;;51.9
112;2019;3;2019Q3_EnergyAndSuperconTechnologiesMember;SEG_REVENUE;;52.5
112;2020;1;2020Q1_EnergyAndSuperconTechnologiesMember;SEG_REVENUE;;46.2
112;2020;2;2020Q2_EnergyAndSuperconTechnologiesMember;SEG_REVENUE;;44.8
112;2020;3;2020Q3_EnergyAndSuperconTechnologiesMember;SEG_REVENUE;;43.8
112;2021;1;2021Q1_EnergyAndSuperconTechnologiesMember;SEG_REVENUE;;52.4
112;2021;2;2021Q2_EnergyAndSuperconTechnologiesMember;SEG_REVENUE;;56.6
112;2021;3;2021Q3_EnergyAndSuperconTechnologiesMember;SEG_REVENUE;;57.0
112;2022;1;2022Q1_EnergyAndSuperconTechnologiesMember;SEG_REVENUE;;59.7
112;2022;2;2022Q2_EnergyAndSuperconTechnologiesMember;SEG_REVENUE;;59.2
112;2022;3;2022Q3_EnergyAndSuperconTechnologiesMember;SEG_REVENUE;;59.3
112;2023;1;2023Q1_EnergyAndSuperconTechnologiesMember;SEG_REVENUE;;62.2
112;2023;2;2023Q2_EnergyAndSuperconTechnologiesMember;SEG_REVENUE;;72.7
112;2023;3;2023Q3_EnergyAndSuperconTechnologiesMember;SEG_REVENUE;;70.6
112;2024;1;2024Q1_EnergyAndSuperconTechnologiesMember;SEG_REVENUE;;73.1
112;2024;2;2024Q2_EnergyAndSuperconTechnologiesMember;SEG_REVENUE;;69.1
112;2024;3;2024Q3_EnergyAndSuperconTechnologiesMember;SEG_REVENUE;;68.7
112;2025;1;2025Q1_EnergyAndSuperconTechnologiesMember;SEG_REVENUE;;59.3
112;2025;2;2025Q2_EnergyAndSuperconTechnologiesMember;SEG_REVENUE;;66.3
112;2025;3;2025Q3_EnergyAndSuperconTechnologiesMember;SEG_REVENUE;;73.8
112;2022;1;2022Q1_BsiBiospinMember;SEG_REVENUE;;157.8
112;2023;1;2023Q1_BsiBiospinMember;SEG_REVENUE;;180.3
112;2024;1;2024Q1_BsiBiospinMember;SEG_REVENUE;;182.8
112;2024;2;2024Q2_BsiBiospinMember;SEG_REVENUE;;217.5
112;2024;3;2024Q3_BsiBiospinMember;SEG_REVENUE;;233.0
112;2025;1;2025Q1_BsiBiospinMember;SEG_REVENUE;;207.8
112;2025;2;2025Q2_BsiBiospinMember;SEG_REVENUE;;195.3
112;2025;3;2025Q3_BsiBiospinMember;SEG_REVENUE;;208.7
112;2020;1;2020Q1_BrukerBioSpinGroupMember;SEG_REVENUE;;120.9
112;2020;2;2020Q2_BrukerBioSpinGroupMember;SEG_REVENUE;;125.1
112;2020;3;2020Q3_BrukerBioSpinGroupMember;SEG_REVENUE;;152.1
112;2021;1;2021Q1_BrukerBioSpinGroupMember;SEG_REVENUE;;159.4
112;2021;2;2021Q2_BrukerBioSpinGroupMember;SEG_REVENUE;;148.5
112;2021;3;2021Q3_BrukerBioSpinGroupMember;SEG_REVENUE;;186.5
112;2022;1;2022Q1_BrukerBioSpinGroupMember;SEG_REVENUE;;157.8
112;2022;2;2022Q2_BrukerBioSpinGroupMember;SEG_REVENUE;;159.8
112;2022;3;2022Q3_BrukerBioSpinGroupMember;SEG_REVENUE;;175.7
112;2023;1;2023Q1_BrukerBioSpinGroupMember;SEG_REVENUE;;180.3
112;2023;2;2023Q2_BrukerBioSpinGroupMember;SEG_REVENUE;;162.0
112;2023;3;2023Q3_BrukerBioSpinGroupMember;SEG_REVENUE;;198.3
112;2024;1;2024Q1_BrukerBioSpinGroupMember;SEG_REVENUE;;182.8
112;2024;2;2024Q2_BrukerBioSpinGroupMember;SEG_REVENUE;;217.5
112;2024;3;2024Q3_BrukerBioSpinGroupMember;SEG_REVENUE;;233.0
112;2020;1;2020Q1_BrukerNanoGroupMember;SEG_REVENUE;;120.1
112;2020;2;2020Q2_BrukerNanoGroupMember;SEG_REVENUE;;125.5
112;2020;3;2020Q3_BrukerNanoGroupMember;SEG_REVENUE;;147.1
112;2021;1;2021Q1_BrukerNanoGroupMember;SEG_REVENUE;;154.4
112;2021;2;2021Q2_BrukerNanoGroupMember;SEG_REVENUE;;175.3
112;2021;3;2021Q3_BrukerNanoGroupMember;SEG_REVENUE;;174.9
112;2022;1;2022Q1_BrukerNanoGroupMember;SEG_REVENUE;;178.5
112;2022;2;2022Q2_BrukerNanoGroupMember;SEG_REVENUE;;182.2
112;2022;3;2022Q3_BrukerNanoGroupMember;SEG_REVENUE;;199.1
112;2023;1;2023Q1_BrukerNanoGroupMember;SEG_REVENUE;;209.6
112;2023;2;2023Q2_BrukerNanoGroupMember;SEG_REVENUE;;225.1
112;2023;3;2023Q3_BrukerNanoGroupMember;SEG_REVENUE;;238.7
112;2024;1;2024Q1_BrukerNanoGroupMember;SEG_REVENUE;;240.4
112;2024;2;2024Q2_BrukerNanoGroupMember;SEG_REVENUE;;252.5
112;2024;3;2024Q3_BrukerNanoGroupMember;SEG_REVENUE;;287.1
112;2022;1;2022Q1_BsiCalidMember;SEG_REVENUE;;203.2
112;2023;1;2023Q1_BsiCalidMember;SEG_REVENUE;;236.7
112;2024;1;2024Q1_BsiCalidMember;SEG_REVENUE;;227.9
112;2024;2;2024Q2_BsiCalidMember;SEG_REVENUE;;265.6
112;2024;3;2024Q3_BsiCalidMember;SEG_REVENUE;;279.4
112;2025;1;2025Q1_BsiCalidMember;SEG_REVENUE;;280.1
112;2025;2;2025Q2_BsiCalidMember;SEG_REVENUE;;285.8
112;2025;3;2025Q3_BsiCalidMember;SEG_REVENUE;;312.7
112;2019;1;2019Q1_BsiNanoMember;SEG_REVENUE;;140.8
112;2019;2;2019Q2_BsiNanoMember;SEG_REVENUE;;151.0
112;2019;3;2019Q3_BsiNanoMember;SEG_REVENUE;;169.9
112;2020;1;2020Q1_BsiNanoMember;SEG_REVENUE;;120.1
112;2020;2;2020Q2_BsiNanoMember;SEG_REVENUE;;125.5
112;2020;3;2020Q3_BsiNanoMember;SEG_REVENUE;;147.1
112;2021;1;2021Q1_BsiNanoMember;SEG_REVENUE;;154.4
112;2021;2;2021Q2_BsiNanoMember;SEG_REVENUE;;175.3
112;2021;3;2021Q3_BsiNanoMember;SEG_REVENUE;;174.9
112;2022;1;2022Q1_BsiNanoMember;SEG_REVENUE;;178.5
112;2022;2;2022Q2_BsiNanoMember;SEG_REVENUE;;182.2
112;2022;3;2022Q3_BsiNanoMember;SEG_REVENUE;;199.1
112;2023;1;2023Q1_BsiNanoMember;SEG_REVENUE;;209.6
112;2024;1;2024Q1_BsiNanoMember;SEG_REVENUE;;240.4
112;2024;2;2024Q2_BsiNanoMember;SEG_REVENUE;;252.5
112;2024;3;2024Q3_BsiNanoMember;SEG_REVENUE;;287.1
112;2025;1;2025Q1_BsiNanoMember;SEG_REVENUE;;256.6
112;2025;2;2025Q2_BsiNanoMember;SEG_REVENUE;;252.1
112;2025;3;2025Q3_BsiNanoMember;SEG_REVENUE;;266.5
112;2019;1;2019Q1_ScientificInstrumentsMember;SEG_REVENUE;;276.0
112;2019;2;2019Q2_ScientificInstrumentsMember;SEG_REVENUE;;291.4
112;2019;3;2019Q3_ScientificInstrumentsMember;SEG_REVENUE;;301.9
112;2020;1;2020Q1_ScientificInstrumentsMember;SEG_REVENUE;;261.4
112;2020;2;2020Q2_ScientificInstrumentsMember;SEG_REVENUE;;257.8
112;2020;3;2020Q3_ScientificInstrumentsMember;SEG_REVENUE;;323.4
112;2021;1;2021Q1_ScientificInstrumentsMember;SEG_REVENUE;;351.8
112;2021;2;2021Q2_ScientificInstrumentsMember;SEG_REVENUE;;341.8
112;2021;3;2021Q3_ScientificInstrumentsMember;SEG_REVENUE;;380.7
112;2022;1;2022Q1_ScientificInstrumentsMember;SEG_REVENUE;;361.0
112;2022;2;2022Q2_ScientificInstrumentsMember;SEG_REVENUE;;350.1
112;2022;3;2022Q3_ScientificInstrumentsMember;SEG_REVENUE;;383.2
115;2019;1;2019Q1_AdhesiveDispensingSystemsMember;SEG_REVENUE;;236.722
115;2019;2;2019Q2_AdhesiveDispensingSystemsMember;SEG_REVENUE;;248.983
115;2019;4;2019Q4_AdhesiveDispensingSystemsMember;SEG_REVENUE;;207.225
115;2021;4;2021Q4_MedicalAndFluidSolutionsMember;SEG_REVENUE;;158.784
115;2022;1;2022Q1_MedicalAndFluidSolutionsMember;SEG_REVENUE;;172.212
115;2022;2;2022Q2_MedicalAndFluidSolutionsMember;SEG_REVENUE;;177.84
115;2022;4;2022Q4_MedicalAndFluidSolutionsMember;SEG_REVENUE;;154.287
115;2023;1;2023Q1_MedicalAndFluidSolutionsMember;SEG_REVENUE;;166.526
115;2023;2;2023Q2_MedicalAndFluidSolutionsMember;SEG_REVENUE;;170.871
115;2023;4;2023Q4_MedicalAndFluidSolutionsMember;SEG_REVENUE;;159.526
115;2024;1;2024Q1_MedicalAndFluidSolutionsMember;SEG_REVENUE;;168.966
115;2024;2;2024Q2_MedicalAndFluidSolutionsMember;SEG_REVENUE;;166.737
115;2024;4;2024Q4_MedicalAndFluidSolutionsMember;SEG_REVENUE;;193.609
115;2025;1;2025Q1_MedicalAndFluidSolutionsMember;SEG_REVENUE;;202.809
115;2025;2;2025Q2_MedicalAndFluidSolutionsMember;SEG_REVENUE;;219.465
115;2019;1;2019Q1_IndustrialCoatingSystemsMember;SEG_REVENUE;;65.102
115;2019;2;2019Q2_IndustrialCoatingSystemsMember;SEG_REVENUE;;57.665
115;2019;4;2019Q4_IndustrialCoatingSystemsMember;SEG_REVENUE;;56.574
115;2019;1;2019Q1_IndustrialPrecisionSolutionsMember;SEG_REVENUE;;301.824
115;2019;2;2019Q2_IndustrialPrecisionSolutionsMember;SEG_REVENUE;;306.648
115;2019;4;2019Q4_IndustrialPrecisionSolutionsMember;SEG_REVENUE;;263.799
115;2020;1;2020Q1_IndustrialPrecisionSolutionsMember;SEG_REVENUE;;282.274
115;2020;2;2020Q2_IndustrialPrecisionSolutionsMember;SEG_REVENUE;;288.965
115;2020;4;2020Q4_IndustrialPrecisionSolutionsMember;SEG_REVENUE;;288.416
115;2021;1;2021Q1_IndustrialPrecisionSolutionsMember;SEG_REVENUE;;298.775
115;2021;2;2021Q2_IndustrialPrecisionSolutionsMember;SEG_REVENUE;;345.449
115;2021;4;2021Q4_IndustrialPrecisionSolutionsMember;SEG_REVENUE;;323.933
115;2022;1;2022Q1_IndustrialPrecisionSolutionsMember;SEG_REVENUE;;316.434
115;2022;2;2022Q2_IndustrialPrecisionSolutionsMember;SEG_REVENUE;;341.215
115;2022;4;2022Q4_IndustrialPrecisionSolutionsMember;SEG_REVENUE;;311.546
115;2023;1;2023Q1_IndustrialPrecisionSolutionsMember;SEG_REVENUE;;335.807
115;2023;2;2023Q2_IndustrialPrecisionSolutionsMember;SEG_REVENUE;;338.257
115;2023;4;2023Q4_IndustrialPrecisionSolutionsMember;SEG_REVENUE;;354.547
115;2024;1;2024Q1_IndustrialPrecisionSolutionsMember;SEG_REVENUE;;366.991
115;2024;2;2024Q2_IndustrialPrecisionSolutionsMember;SEG_REVENUE;;370.561
115;2024;4;2024Q4_IndustrialPrecisionSolutionsMember;SEG_REVENUE;;300.448
115;2025;1;2025Q1_IndustrialPrecisionSolutionsMember;SEG_REVENUE;;318.847
115;2025;2;2025Q2_IndustrialPrecisionSolutionsMember;SEG_REVENUE;;350.784
115;2024;4;2024Q4_MedicalFluidSystemsMember;SEG_REVENUE;;193.609
115;2025;1;2025Q1_MedicalFluidSystemsMember;SEG_REVENUE;;202.809
115;2025;4;2025Q4_MedicalFluidSystemsMember;SEG_REVENUE;;193.183
115;2019;1;2019Q1_AdvancedTechnologySystemsMember;SEG_REVENUE;;249.295
115;2019;2;2019Q2_AdvancedTechnologySystemsMember;SEG_REVENUE;;253.098
115;2019;4;2019Q4_AdvancedTechnologySystemsMember;SEG_REVENUE;;231.117
115;2024;4;2024Q4_AdvancedTechnologySystemsMember;SEG_REVENUE;;121.363
115;2025;1;2025Q1_AdvancedTechnologySystemsMember;SEG_REVENUE;;161.282
115;2025;4;2025Q4_AdvancedTechnologySystemsMember;SEG_REVENUE;;149.417
115;2019;1;2019Q1_AdvancedTechnologySolutionsMember;SEG_REVENUE;;249.295
115;2019;2;2019Q2_AdvancedTechnologySolutionsMember;SEG_REVENUE;;253.098
115;2019;4;2019Q4_AdvancedTechnologySolutionsMember;SEG_REVENUE;;231.117
115;2020;1;2020Q1_AdvancedTechnologySolutionsMember;SEG_REVENUE;;247.204
115;2020;2;2020Q2_AdvancedTechnologySolutionsMember;SEG_REVENUE;;249.216
115;2020;4;2020Q4_AdvancedTechnologySolutionsMember;SEG_REVENUE;;238.15
115;2021;1;2021Q1_AdvancedTechnologySolutionsMember;SEG_REVENUE;;290.763
115;2021;2;2021Q2_AdvancedTechnologySolutionsMember;SEG_REVENUE;;301.409
115;2021;4;2021Q4_AdvancedTechnologySolutionsMember;SEG_REVENUE;;285.233
115;2022;1;2022Q1_AdvancedTechnologySolutionsMember;SEG_REVENUE;;318.969
115;2022;2;2022Q2_AdvancedTechnologySolutionsMember;SEG_REVENUE;;143.073
115;2022;4;2022Q4_AdvancedTechnologySolutionsMember;SEG_REVENUE;;144.644
115;2023;1;2023Q1_AdvancedTechnologySolutionsMember;SEG_REVENUE;;147.832
115;2023;2;2023Q2_AdvancedTechnologySolutionsMember;SEG_REVENUE;;139.549
115;2023;4;2023Q4_AdvancedTechnologySolutionsMember;SEG_REVENUE;;119.12
115;2024;1;2024Q1_AdvancedTechnologySolutionsMember;SEG_REVENUE;;114.685
115;2024;2;2024Q2_AdvancedTechnologySolutionsMember;SEG_REVENUE;;124.306
115;2024;4;2024Q4_AdvancedTechnologySolutionsMember;SEG_REVENUE;;121.363
115;2025;1;2025Q1_AdvancedTechnologySolutionsMember;SEG_REVENUE;;161.282
115;2025;2;2025Q2_AdvancedTechnologySolutionsMember;SEG_REVENUE;;171.26
115;2024;4;2024Q4_IndustrialPrecisionsSolutionsMember;SEG_REVENUE;;300.448
115;2025;1;2025Q1_IndustrialPrecisionsSolutionsMember;SEG_REVENUE;;318.847
115;2025;4;2025Q4_IndustrialPrecisionsSolutionsMember;SEG_REVENUE;;326.861
122;2019;1;2019Q1_APACSegmentMember;SEG_REVENUE;;1427.0
122;2019;2;2019Q2_APACSegmentMember;SEG_REVENUE;;1488.0
122;2019;3;2019Q3_APACSegmentMember;SEG_REVENUE;;1468.0
122;2020;1;2020Q1_APACSegmentMember;SEG_REVENUE;;1336.0
122;2020;2;2020Q2_APACSegmentMember;SEG_REVENUE;;1295.0
122;2020;3;2020Q3_APACSegmentMember;SEG_REVENUE;;1484.0
122;2021;1;2021Q1_APACSegmentMember;SEG_REVENUE;;1436.0
122;2021;2;2021Q2_APACSegmentMember;SEG_REVENUE;;1544.0
122;2021;3;2021Q3_APACSegmentMember;SEG_REVENUE;;1564.0
122;2022;1;2022Q1_APACSegmentMember;SEG_REVENUE;;1602.0
122;2022;2;2022Q2_APACSegmentMember;SEG_REVENUE;;1651.0
122;2022;3;2022Q3_APACSegmentMember;SEG_REVENUE;;1660.0
122;2023;1;2023Q1_APACSegmentMember;SEG_REVENUE;;1598.0
122;2023;2;2023Q2_APACSegmentMember;SEG_REVENUE;;1683.0
122;2023;3;2023Q3_APACSegmentMember;SEG_REVENUE;;1639.0
122;2024;1;2024Q1_APACSegmentMember;SEG_REVENUE;;1591.0
122;2024;2;2024Q2_APACSegmentMember;SEG_REVENUE;;1657.0
122;2024;3;2024Q3_APACSegmentMember;SEG_REVENUE;;1716.0
122;2025;1;2025Q1_APACSegmentMember;SEG_REVENUE;;1539.0
122;2025;2;2025Q2_APACSegmentMember;SEG_REVENUE;;1655.0
122;2025;3;2025Q3_APACSegmentMember;SEG_REVENUE;;1741.0
122;2019;1;2019Q1_TotalSegmentsMember;SEG_REVENUE;;6914.0
122;2019;2;2019Q2_TotalSegmentsMember;SEG_REVENUE;;7179.0
122;2019;3;2019Q3_TotalSegmentsMember;SEG_REVENUE;;7000.0
122;2020;1;2020Q1_TotalSegmentsMember;SEG_REVENUE;;6739.0
122;2020;2;2020Q2_TotalSegmentsMember;SEG_REVENUE;;6377.0
122;2020;3;2020Q3_TotalSegmentsMember;SEG_REVENUE;;6855.0
122;2023;2;2023Q2_TotalSegmentsMember;SEG_REVENUE;;8204.0
122;2024;2;2024Q2_TotalSegmentsMember;SEG_REVENUE;;8267.0
122;2019;1;2019Q1_CorporateAndOtherMember;SEG_REVENUE;;497.0
122;2019;2;2019Q2_CorporateAndOtherMember;SEG_REVENUE;;512.0
122;2019;3;2019Q3_CorporateAndOtherMember;SEG_REVENUE;;486.0
122;2020;1;2020Q1_CorporateAndOtherMember;SEG_REVENUE;;485.0
122;2020;2;2020Q2_CorporateAndOtherMember;SEG_REVENUE;;407.0
122;2020;3;2020Q3_CorporateAndOtherMember;SEG_REVENUE;;430.0
122;2021;1;2021Q1_CorporateAndOtherMember;SEG_REVENUE;;494.0
122;2021;2;2021Q2_CorporateAndOtherMember;SEG_REVENUE;;499.0
122;2021;3;2021Q3_CorporateAndOtherMember;SEG_REVENUE;;501.0
122;2022;1;2022Q1_CorporateAndOtherMember;SEG_REVENUE;;492.0
122;2022;2;2022Q2_CorporateAndOtherMember;SEG_REVENUE;;500.0
122;2022;3;2022Q3_CorporateAndOtherMember;SEG_REVENUE;;490.0
122;2023;1;2023Q1_CorporateAndOtherMember;SEG_REVENUE;;327.0
122;2023;2;2023Q2_CorporateAndOtherMember;SEG_REVENUE;;325.0
122;2023;3;2023Q3_CorporateAndOtherMember;SEG_REVENUE;;315.0
122;2024;1;2024Q1_CorporateAndOtherMember;SEG_REVENUE;;319.0
122;2024;2;2024Q2_CorporateAndOtherMember;SEG_REVENUE;;320.0
122;2024;3;2024Q3_CorporateAndOtherMember;SEG_REVENUE;;300.0
122;2025;1;2025Q1_CorporateAndOtherMember;SEG_REVENUE;;311.0
122;2025;2;2025Q2_CorporateAndOtherMember;SEG_REVENUE;;315.0
122;2025;3;2025Q3_CorporateAndOtherMember;SEG_REVENUE;;331.0
122;2019;1;2019Q1_EngineeringSegmentMember;SEG_REVENUE;;636.0
122;2019;2;2019Q2_EngineeringSegmentMember;SEG_REVENUE;;752.0
122;2019;3;2019Q3_EngineeringSegmentMember;SEG_REVENUE;;641.0
122;2020;1;2020Q1_EngineeringSegmentMember;SEG_REVENUE;;608.0
122;2020;2;2020Q2_EngineeringSegmentMember;SEG_REVENUE;;810.0
122;2020;3;2020Q3_EngineeringSegmentMember;SEG_REVENUE;;678.0
122;2021;1;2021Q1_EngineeringSegmentMember;SEG_REVENUE;;674.0
122;2021;2;2021Q2_EngineeringSegmentMember;SEG_REVENUE;;646.0
122;2021;3;2021Q3_EngineeringSegmentMember;SEG_REVENUE;;601.0
122;2022;1;2022Q1_EngineeringSegmentMember;SEG_REVENUE;;728.0
122;2022;2;2022Q2_EngineeringSegmentMember;SEG_REVENUE;;644.0
122;2022;3;2022Q3_EngineeringSegmentMember;SEG_REVENUE;;828.0
122;2023;1;2023Q1_EngineeringSegmentMember;SEG_REVENUE;;540.0
122;2023;2;2023Q2_EngineeringSegmentMember;SEG_REVENUE;;495.0
122;2023;3;2023Q3_EngineeringSegmentMember;SEG_REVENUE;;467.0
122;2024;1;2024Q1_EngineeringSegmentMember;SEG_REVENUE;;539.0
122;2024;2;2024Q2_EngineeringSegmentMember;SEG_REVENUE;;544.0
122;2024;3;2024Q3_EngineeringSegmentMember;SEG_REVENUE;;611.0
122;2025;1;2025Q1_EngineeringSegmentMember;SEG_REVENUE;;565.0
122;2025;2;2025Q2_EngineeringSegmentMember;SEG_REVENUE;;551.0
122;2025;3;2025Q3_EngineeringSegmentMember;SEG_REVENUE;;519.0
122;2019;1;2019Q1_EMEASegmentMember;SEG_REVENUE;;1682.0
122;2019;2;2019Q2_EMEASegmentMember;SEG_REVENUE;;1673.0
122;2019;3;2019Q3_EMEASegmentMember;SEG_REVENUE;;1634.0
122;2020;1;2020Q1_EMEASegmentMember;SEG_REVENUE;;1633.0
122;2020;2;2020Q2_EMEASegmentMember;SEG_REVENUE;;1448.0
122;2020;3;2020Q3_EMEASegmentMember;SEG_REVENUE;;1622.0
122;2021;1;2021Q1_EMEASegmentMember;SEG_REVENUE;;1799.0
122;2021;2;2021Q2_EMEASegmentMember;SEG_REVENUE;;1875.0
122;2021;3;2021Q3_EMEASegmentMember;SEG_REVENUE;;1911.0
122;2022;1;2022Q1_EMEASegmentMember;SEG_REVENUE;;2148.0
122;2022;2;2022Q2_EMEASegmentMember;SEG_REVENUE;;2144.0
122;2022;3;2022Q3_EMEASegmentMember;SEG_REVENUE;;2125.0
122;2023;1;2023Q1_EMEASegmentMember;SEG_REVENUE;;2177.0
122;2023;2;2023Q2_EMEASegmentMember;SEG_REVENUE;;2160.0
122;2023;3;2023Q3_EMEASegmentMember;SEG_REVENUE;;2105.0
122;2024;1;2024Q1_EMEASegmentMember;SEG_REVENUE;;2091.0
122;2024;2;2024Q2_EMEASegmentMember;SEG_REVENUE;;2091.0
122;2024;3;2024Q3_EMEASegmentMember;SEG_REVENUE;;2111.0
122;2025;1;2025Q1_EMEASegmentMember;SEG_REVENUE;;2031.0
122;2025;2;2025Q2_EMEASegmentMember;SEG_REVENUE;;2162.0
122;2025;3;2025Q3_EMEASegmentMember;SEG_REVENUE;;2178.0
122;2019;1;2019Q1_AmericasSegmentMember;SEG_REVENUE;;2702.0
122;2019;2;2019Q2_AmericasSegmentMember;SEG_REVENUE;;2779.0
122;2019;3;2019Q3_AmericasSegmentMember;SEG_REVENUE;;2771.0
122;2020;1;2020Q1_AmericasSegmentMember;SEG_REVENUE;;2677.0
122;2020;2;2020Q2_AmericasSegmentMember;SEG_REVENUE;;2417.0
122;2020;3;2020Q3_AmericasSegmentMember;SEG_REVENUE;;2641.0
122;2021;1;2021Q1_AmericasSegmentMember;SEG_REVENUE;;2840.0
122;2021;2;2021Q2_AmericasSegmentMember;SEG_REVENUE;;3020.0
122;2021;3;2021Q3_AmericasSegmentMember;SEG_REVENUE;;3091.0
122;2022;1;2022Q1_AmericasSegmentMember;SEG_REVENUE;;3241.0
122;2022;2;2022Q2_AmericasSegmentMember;SEG_REVENUE;;3518.0
122;2022;3;2022Q3_AmericasSegmentMember;SEG_REVENUE;;3694.0
122;2023;1;2023Q1_AmericasSegmentMember;SEG_REVENUE;;3551.0
122;2023;2;2023Q2_AmericasSegmentMember;SEG_REVENUE;;3541.0
122;2023;3;2023Q3_AmericasSegmentMember;SEG_REVENUE;;3629.0
122;2024;1;2024Q1_AmericasSegmentMember;SEG_REVENUE;;3560.0
122;2024;2;2024Q2_AmericasSegmentMember;SEG_REVENUE;;3655.0
122;2024;3;2024Q3_AmericasSegmentMember;SEG_REVENUE;;3618.0
122;2025;1;2025Q1_AmericasSegmentMember;SEG_REVENUE;;3666.0
122;2025;2;2025Q2_AmericasSegmentMember;SEG_REVENUE;;3812.0
122;2025;3;2025Q3_AmericasSegmentMember;SEG_REVENUE;;3846.0
124;2019;2;2019Q2_RestorativeTherapiesGroupMember;SEG_REVENUE;;2012.0
124;2019;3;2019Q3_RestorativeTherapiesGroupMember;SEG_REVENUE;;2112.0
124;2019;4;2019Q4_RestorativeTherapiesGroupMember;SEG_REVENUE;;2111.0
124;2020;3;2020Q3_RestorativeTherapiesGroupMember;SEG_REVENUE;;2063.0
124;2020;4;2020Q4_RestorativeTherapiesGroupMember;SEG_REVENUE;;2126.0
124;2020;3;2020Q3_CardiovascularMember;SEG_REVENUE;;2725.0
124;2020;4;2020Q4_CardiovascularMember;SEG_REVENUE;;2707.0
124;2021;2;2021Q2_CardiovascularMember;SEG_REVENUE;;2890.0
124;2021;3;2021Q3_CardiovascularMember;SEG_REVENUE;;2827.0
124;2021;4;2021Q4_CardiovascularMember;SEG_REVENUE;;2745.0
124;2022;2;2022Q2_CardiovascularMember;SEG_REVENUE;;2713.0
124;2022;3;2022Q3_CardiovascularMember;SEG_REVENUE;;2773.0
124;2022;4;2022Q4_CardiovascularMember;SEG_REVENUE;;2772.0
124;2023;2;2023Q2_CardiovascularMember;SEG_REVENUE;;2850.0
124;2023;3;2023Q3_CardiovascularMember;SEG_REVENUE;;2923.0
124;2023;4;2023Q4_CardiovascularMember;SEG_REVENUE;;2929.0
124;2024;2;2024Q2_CardiovascularMember;SEG_REVENUE;;3007.0
124;2024;3;2024Q3_CardiovascularMember;SEG_REVENUE;;3102.0
124;2024;4;2024Q4_CardiovascularMember;SEG_REVENUE;;3037.0
124;2025;2;2025Q2_CardiovascularMember;SEG_REVENUE;;3285.0
124;2025;3;2025Q3_CardiovascularMember;SEG_REVENUE;;3436.0
124;2025;4;2025Q4_CardiovascularMember;SEG_REVENUE;;3457.0
124;2019;2;2019Q2_DiabetesGroupMember;SEG_REVENUE;;592.0
124;2019;3;2019Q3_DiabetesGroupMember;SEG_REVENUE;;596.0
124;2019;4;2019Q4_DiabetesGroupMember;SEG_REVENUE;;610.0
124;2020;3;2020Q3_DiabetesGroupMember;SEG_REVENUE;;574.0
124;2020;4;2020Q4_DiabetesGroupMember;SEG_REVENUE;;630.0
124;2021;2;2021Q2_DiabetesGroupMember;SEG_REVENUE;;572.0
124;2021;3;2021Q3_DiabetesGroupMember;SEG_REVENUE;;585.0
124;2021;4;2021Q4_DiabetesGroupMember;SEG_REVENUE;;584.0
124;2022;2;2022Q2_DiabetesGroupMember;SEG_REVENUE;;541.0
124;2022;3;2022Q3_DiabetesGroupMember;SEG_REVENUE;;556.0
124;2022;4;2022Q4_DiabetesGroupMember;SEG_REVENUE;;570.0
124;2023;2;2023Q2_DiabetesGroupMember;SEG_REVENUE;;578.0
124;2023;3;2023Q3_DiabetesGroupMember;SEG_REVENUE;;610.0
124;2023;4;2023Q4_DiabetesGroupMember;SEG_REVENUE;;640.0
124;2024;2;2024Q2_DiabetesGroupMember;SEG_REVENUE;;647.0
124;2024;3;2024Q3_DiabetesGroupMember;SEG_REVENUE;;686.0
124;2024;4;2024Q4_DiabetesGroupMember;SEG_REVENUE;;694.0
124;2025;2;2025Q2_DiabetesGroupMember;SEG_REVENUE;;721.0
124;2025;3;2025Q3_DiabetesGroupMember;SEG_REVENUE;;757.0
124;2025;4;2025Q4_DiabetesGroupMember;SEG_REVENUE;;796.0
124;2023;2;2023Q2_TotalReportableSegmentsMember;SEG_REVENUE;;7652.0
124;2023;3;2023Q3_TotalReportableSegmentsMember;SEG_REVENUE;;7923.0
124;2023;4;2023Q4_TotalReportableSegmentsMember;SEG_REVENUE;;8035.0
124;2024;2;2024Q2_TotalReportableSegmentsMember;SEG_REVENUE;;7967.0
124;2024;3;2024Q3_TotalReportableSegmentsMember;SEG_REVENUE;;8366.0
124;2024;4;2024Q4_TotalReportableSegmentsMember;SEG_REVENUE;;8260.0
124;2025;2;2025Q2_TotalReportableSegmentsMember;SEG_REVENUE;;8506.0
124;2025;3;2025Q3_TotalReportableSegmentsMember;SEG_REVENUE;;8926.0
124;2025;4;2025Q4_TotalReportableSegmentsMember;SEG_REVENUE;;8985.0
124;2019;2;2019Q2_MinimallyInvasiveTherapiesGroupMember;SEG_REVENUE;;2100.0
124;2019;3;2019Q3_MinimallyInvasiveTherapiesGroupMember;SEG_REVENUE;;2142.0
124;2019;4;2019Q4_MinimallyInvasiveTherapiesGroupMember;SEG_REVENUE;;2176.0
124;2020;3;2020Q3_MinimallyInvasiveTherapiesGroupMember;SEG_REVENUE;;2285.0
124;2020;4;2020Q4_MinimallyInvasiveTherapiesGroupMember;SEG_REVENUE;;2313.0
124;2020;3;2020Q3_NeuroscienceGroupMember;SEG_REVENUE;;2063.0
124;2020;4;2020Q4_NeuroscienceGroupMember;SEG_REVENUE;;2126.0
124;2021;2;2021Q2_NeuroscienceGroupMember;SEG_REVENUE;;2204.0
124;2021;3;2021Q3_NeuroscienceGroupMember;SEG_REVENUE;;2136.0
124;2021;4;2021Q4_NeuroscienceGroupMember;SEG_REVENUE;;2144.0
124;2022;2;2022Q2_NeuroscienceGroupMember;SEG_REVENUE;;2115.0
124;2022;3;2022Q3_NeuroscienceGroupMember;SEG_REVENUE;;2186.0
124;2022;4;2022Q4_NeuroscienceGroupMember;SEG_REVENUE;;2248.0
124;2023;2;2023Q2_NeuroscienceGroupMember;SEG_REVENUE;;2219.0
124;2023;3;2023Q3_NeuroscienceGroupMember;SEG_REVENUE;;2288.0
124;2023;4;2023Q4_NeuroscienceGroupMember;SEG_REVENUE;;2355.0
124;2024;2;2024Q2_NeuroscienceGroupMember;SEG_REVENUE;;2317.0
124;2024;3;2024Q3_NeuroscienceGroupMember;SEG_REVENUE;;2451.0
124;2024;4;2024Q4_NeuroscienceGroupMember;SEG_REVENUE;;2458.0
124;2025;2;2025Q2_NeuroscienceGroupMember;SEG_REVENUE;;2416.0
124;2025;3;2025Q3_NeuroscienceGroupMember;SEG_REVENUE;;2562.0
124;2025;4;2025Q4_NeuroscienceGroupMember;SEG_REVENUE;;2558.0
124;2020;3;2020Q3_MedicalSurgicalMember;SEG_REVENUE;;2285.0
124;2020;4;2020Q4_MedicalSurgicalMember;SEG_REVENUE;;2313.0
124;2021;2;2021Q2_MedicalSurgicalMember;SEG_REVENUE;;2322.0
124;2021;3;2021Q3_MedicalSurgicalMember;SEG_REVENUE;;2299.0
124;2021;4;2021Q4_MedicalSurgicalMember;SEG_REVENUE;;2290.0
124;2022;2;2022Q2_MedicalSurgicalMember;SEG_REVENUE;;2001.0
124;2022;3;2022Q3_MedicalSurgicalMember;SEG_REVENUE;;2070.0
124;2022;4;2022Q4_MedicalSurgicalMember;SEG_REVENUE;;2137.0
124;2023;2;2023Q2_MedicalSurgicalMember;SEG_REVENUE;;2005.0
124;2023;3;2023Q3_MedicalSurgicalMember;SEG_REVENUE;;2103.0
124;2023;4;2023Q4_MedicalSurgicalMember;SEG_REVENUE;;2148.0
124;2024;2;2024Q2_MedicalSurgicalMember;SEG_REVENUE;;1996.0
124;2024;3;2024Q3_MedicalSurgicalMember;SEG_REVENUE;;2128.0
124;2024;4;2024Q4_MedicalSurgicalMember;SEG_REVENUE;;2072.0
124;2025;2;2025Q2_MedicalSurgicalMember;SEG_REVENUE;;2083.0
124;2025;3;2025Q3_MedicalSurgicalMember;SEG_REVENUE;;2171.0
124;2025;4;2025Q4_MedicalSurgicalMember;SEG_REVENUE;;2173.0
124;2023;2;2023Q2_AllOtherSegmentsMember;SEG_REVENUE;;50.0
124;2023;3;2023Q3_AllOtherSegmentsMember;SEG_REVENUE;;61.0
124;2023;4;2023Q4_AllOtherSegmentsMember;SEG_REVENUE;;53.0
124;2024;2;2024Q2_AllOtherSegmentsMember;SEG_REVENUE;;38.0
124;2024;3;2024Q3_AllOtherSegmentsMember;SEG_REVENUE;;37.0
124;2024;4;2024Q4_AllOtherSegmentsMember;SEG_REVENUE;;32.0
124;2025;2;2025Q2_AllOtherSegmentsMember;SEG_REVENUE;;33.0
124;2025;3;2025Q3_AllOtherSegmentsMember;SEG_REVENUE;;35.0
124;2025;4;2025Q4_AllOtherSegmentsMember;SEG_REVENUE;;32.0
124;2019;2;2019Q2_CardiacAndVascularGroupMember;SEG_REVENUE;;2790.0
124;2019;3;2019Q3_CardiacAndVascularGroupMember;SEG_REVENUE;;2855.0
124;2019;4;2019Q4_CardiacAndVascularGroupMember;SEG_REVENUE;;2819.0
124;2020;3;2020Q3_CardiacAndVascularGroupMember;SEG_REVENUE;;2725.0
124;2020;4;2020Q4_CardiacAndVascularGroupMember;SEG_REVENUE;;2707.0
124;2022;2;2022Q2_OtherMember;SEG_REVENUE;;81.0
124;2022;3;2022Q3_OtherMember;SEG_REVENUE;;82.0
124;2022;4;2022Q4_OtherMember;SEG_REVENUE;;81.0
124;2023;2;2023Q2_OtherMember;SEG_REVENUE;;16.0
124;2023;3;2023Q3_OtherMember;SEG_REVENUE;;22.0
124;2023;4;2023Q4_OtherMember;SEG_REVENUE;;17.0
127;2022;3;2022Q3_CoreIotMember;SEG_REVENUE;;113.4
127;2022;4;2022Q4_CoreIotMember;SEG_REVENUE;;69.8
127;2023;1;2023Q1_CoreIotMember;SEG_REVENUE;;93.3
127;2024;3;2024Q3_ReportableSegmentMember;SEG_REVENUE;;257.7
127;2024;4;2024Q4_ReportableSegmentMember;SEG_REVENUE;;267.2
127;2025;1;2025Q1_ReportableSegmentMember;SEG_REVENUE;;266.6
127;2025;3;2025Q3_ReportableSegmentMember;SEG_REVENUE;;292.5
127;2025;4;2025Q4_ReportableSegmentMember;SEG_REVENUE;;302.5
127;2022;3;2022Q3_MobileMember;SEG_REVENUE;;40.2
127;2022;4;2022Q4_MobileMember;SEG_REVENUE;;57.3
127;2023;1;2023Q1_MobileMember;SEG_REVENUE;;41.6
127;2022;3;2022Q3_EnterpriseAndAutoMember;SEG_REVENUE;;294.5
127;2022;4;2022Q4_EnterpriseAndAutoMember;SEG_REVENUE;;226.0
127;2023;1;2023Q1_EnterpriseAndAutoMember;SEG_REVENUE;;191.7
130;2024;1;2024Q1_ReportableSegmentMember;SEG_REVENUE;;33.022
130;2024;2;2024Q2_ReportableSegmentMember;SEG_REVENUE;;43.866
130;2024;3;2024Q3_ReportableSegmentMember;SEG_REVENUE;;57.698
130;2025;1;2025Q1_ReportableSegmentMember;SEG_REVENUE;;60.314
130;2025;2;2025Q2_ReportableSegmentMember;SEG_REVENUE;;69.494
130;2025;3;2025Q3_ReportableSegmentMember;SEG_REVENUE;;83.567
133;2021;2;2021Q2_AllOtherSegmentsMember;SEG_REVENUE;;1378.0
133;2021;3;2021Q3_AllOtherSegmentsMember;SEG_REVENUE;;1310.0
133;2022;1;2022Q1_AllOtherSegmentsMember;SEG_REVENUE;;1239.0
133;2022;2;2022Q2_AllOtherSegmentsMember;SEG_REVENUE;;1399.0
133;2022;3;2022Q3_AllOtherSegmentsMember;SEG_REVENUE;;1313.0
133;2023;1;2023Q1_AllOtherSegmentsMember;SEG_REVENUE;;1343.0
133;2023;2;2023Q2_AllOtherSegmentsMember;SEG_REVENUE;;1528.0
133;2023;3;2023Q3_AllOtherSegmentsMember;SEG_REVENUE;;1474.0
133;2024;1;2024Q1_AllOtherSegmentsMember;SEG_REVENUE;;1049.0
133;2024;2;2024Q2_AllOtherSegmentsMember;SEG_REVENUE;;966.0
133;2024;3;2024Q3_AllOtherSegmentsMember;SEG_REVENUE;;867.0
133;2021;2;2021Q2_ClientSolutionsMember;SEG_REVENUE;;14268.0
133;2021;3;2021Q3_ClientSolutionsMember;SEG_REVENUE;;16556.0
133;2022;1;2022Q1_ClientSolutionsMember;SEG_REVENUE;;15587.0
133;2022;2;2022Q2_ClientSolutionsMember;SEG_REVENUE;;15490.0
133;2022;3;2022Q3_ClientSolutionsMember;SEG_REVENUE;;13775.0
133;2023;1;2023Q1_ClientSolutionsMember;SEG_REVENUE;;11983.0
133;2023;2;2023Q2_ClientSolutionsMember;SEG_REVENUE;;12942.0
133;2023;3;2023Q3_ClientSolutionsMember;SEG_REVENUE;;12276.0
133;2024;1;2024Q1_ClientSolutionsMember;SEG_REVENUE;;11967.0
133;2024;2;2024Q2_ClientSolutionsMember;SEG_REVENUE;;12414.0
133;2024;3;2024Q3_ClientSolutionsMember;SEG_REVENUE;;12131.0
133;2025;1;2025Q1_ClientSolutionsMember;SEG_REVENUE;;12509.0
133;2025;2;2025Q2_ClientSolutionsMember;SEG_REVENUE;;12503.0
133;2025;3;2025Q3_ClientSolutionsMember;SEG_REVENUE;;12478.0
133;2021;2;2021Q2_InfrastructureSolutionsGroupMember;SEG_REVENUE;;8550.0
133;2021;3;2021Q3_InfrastructureSolutionsGroupMember;SEG_REVENUE;;8564.0
133;2022;1;2022Q1_InfrastructureSolutionsGroupMember;SEG_REVENUE;;9285.0
133;2022;2;2022Q2_InfrastructureSolutionsGroupMember;SEG_REVENUE;;9536.0
133;2022;3;2022Q3_InfrastructureSolutionsGroupMember;SEG_REVENUE;;9630.0
133;2023;1;2023Q1_InfrastructureSolutionsGroupMember;SEG_REVENUE;;7593.0
133;2023;2;2023Q2_InfrastructureSolutionsGroupMember;SEG_REVENUE;;8461.0
133;2023;3;2023Q3_InfrastructureSolutionsGroupMember;SEG_REVENUE;;8499.0
133;2024;1;2024Q1_InfrastructureSolutionsGroupMember;SEG_REVENUE;;9227.0
133;2024;2;2024Q2_InfrastructureSolutionsGroupMember;SEG_REVENUE;;11646.0
133;2024;3;2024Q3_InfrastructureSolutionsGroupMember;SEG_REVENUE;;11368.0
133;2025;1;2025Q1_InfrastructureSolutionsGroupMember;SEG_REVENUE;;10317.0
133;2025;2;2025Q2_InfrastructureSolutionsGroupMember;SEG_REVENUE;;16800.0
133;2025;3;2025Q3_InfrastructureSolutionsGroupMember;SEG_REVENUE;;14107.0
134;2019;1;2019Q1_IntelligentEdgeMember;SEG_REVENUE;;685.0
134;2019;2;2019Q2_IntelligentEdgeMember;SEG_REVENUE;;762.0
134;2019;4;2019Q4_IntelligentEdgeMember;SEG_REVENUE;;720.0
134;2020;1;2020Q1_IntelligentEdgeMember;SEG_REVENUE;;665.0
134;2020;2;2020Q2_IntelligentEdgeMember;SEG_REVENUE;;684.0
134;2020;4;2020Q4_IntelligentEdgeMember;SEG_REVENUE;;810.0
134;2021;1;2021Q1_IntelligentEdgeMember;SEG_REVENUE;;803.0
134;2021;2;2021Q2_IntelligentEdgeMember;SEG_REVENUE;;871.0
134;2021;4;2021Q4_IntelligentEdgeMember;SEG_REVENUE;;901.0
134;2022;1;2022Q1_IntelligentEdgeMember;SEG_REVENUE;;867.0
134;2022;2;2022Q2_IntelligentEdgeMember;SEG_REVENUE;;941.0
134;2022;4;2022Q4_IntelligentEdgeMember;SEG_REVENUE;;1127.0
134;2023;1;2023Q1_IntelligentEdgeMember;SEG_REVENUE;;1304.0
134;2023;2;2023Q2_IntelligentEdgeMember;SEG_REVENUE;;1415.0
134;2023;4;2023Q4_IntelligentEdgeMember;SEG_REVENUE;;1201.0
134;2024;1;2024Q1_IntelligentEdgeMember;SEG_REVENUE;;1086.0
134;2024;2;2024Q2_IntelligentEdgeMember;SEG_REVENUE;;1121.0
134;2024;4;2024Q4_IntelligentEdgeMember;SEG_REVENUE;;1146.0
134;2025;1;2025Q1_IntelligentEdgeMember;SEG_REVENUE;;1162.0
134;2024;4;2024Q4_RoutingMember;SEG_REVENUE;;1.0
134;2025;1;2025Q1_RoutingMember;SEG_REVENUE;;1.0
134;2025;4;2025Q4_RoutingMember;SEG_REVENUE;;780.0
134;2019;1;2019Q1_ComputeSegmentMember;SEG_REVENUE;;3318.0
134;2019;2;2019Q2_ComputeSegmentMember;SEG_REVENUE;;3400.0
134;2019;4;2019Q4_ComputeSegmentMember;SEG_REVENUE;;3030.0
134;2020;1;2020Q1_ComputeSegmentMember;SEG_REVENUE;;2655.0
134;2020;2;2020Q2_ComputeSegmentMember;SEG_REVENUE;;3389.0
134;2020;4;2020Q4_ComputeSegmentMember;SEG_REVENUE;;2984.0
134;2021;1;2021Q1_ComputeSegmentMember;SEG_REVENUE;;2974.0
134;2021;2;2021Q2_ComputeSegmentMember;SEG_REVENUE;;3102.0
134;2021;4;2021Q4_ComputeSegmentMember;SEG_REVENUE;;3016.0
134;2022;1;2022Q1_ComputeSegmentMember;SEG_REVENUE;;2985.0
134;2022;2;2022Q2_ComputeSegmentMember;SEG_REVENUE;;3004.0
134;2022;4;2022Q4_ComputeSegmentMember;SEG_REVENUE;;3456.0
134;2023;1;2023Q1_ComputeSegmentMember;SEG_REVENUE;;2761.0
134;2023;2;2023Q2_ComputeSegmentMember;SEG_REVENUE;;2624.0
134;2019;4;2019Q4_HighPerformanceComputeAndMissionCriticalSystemsSegmentMember;SEG_REVENUE;;839.0
134;2020;1;2020Q1_HighPerformanceComputeAndMissionCriticalSystemsSegmentMember;SEG_REVENUE;;607.0
134;2020;2;2020Q2_HighPerformanceComputeAndMissionCriticalSystemsSegmentMember;SEG_REVENUE;;667.0
134;2020;4;2020Q4_HighPerformanceComputeAndMissionCriticalSystemsSegmentMember;SEG_REVENUE;;761.0
134;2021;1;2021Q1_HighPerformanceComputeAndMissionCriticalSystemsSegmentMember;SEG_REVENUE;;684.0
134;2021;2;2021Q2_HighPerformanceComputeAndMissionCriticalSystemsSegmentMember;SEG_REVENUE;;740.0
134;2021;4;2021Q4_HighPerformanceComputeAndMissionCriticalSystemsSegmentMember;SEG_REVENUE;;790.0
134;2022;1;2022Q1_HighPerformanceComputeAndMissionCriticalSystemsSegmentMember;SEG_REVENUE;;710.0
134;2022;2;2022Q2_HighPerformanceComputeAndMissionCriticalSystemsSegmentMember;SEG_REVENUE;;830.0
134;2022;4;2022Q4_HighPerformanceComputeAndMissionCriticalSystemsSegmentMember;SEG_REVENUE;;1056.0
134;2023;1;2023Q1_HighPerformanceComputeAndMissionCriticalSystemsSegmentMember;SEG_REVENUE;;840.0
134;2023;2;2023Q2_HighPerformanceComputeAndMissionCriticalSystemsSegmentMember;SEG_REVENUE;;836.0
134;2024;2;2024Q2_NetworkingSolutionsMember;SEG_REVENUE;;1121.0
134;2025;2;2025Q2_NetworkingSolutionsMember;SEG_REVENUE;;1730.0
134;2024;4;2024Q4_DataCenterNetworkingMember;SEG_REVENUE;;92.0
134;2025;1;2025Q1_DataCenterNetworkingMember;SEG_REVENUE;;96.0
134;2025;4;2025Q4_DataCenterNetworkingMember;SEG_REVENUE;;444.0
134;2024;4;2024Q4_SecurityMember;SEG_REVENUE;;119.0
134;2025;1;2025Q1_SecurityMember;SEG_REVENUE;;107.0
134;2025;4;2025Q4_SecurityMember;SEG_REVENUE;;255.0
134;2019;1;2019Q1_StorageSegmentMember;SEG_REVENUE;;1318.0
134;2019;2;2019Q2_StorageSegmentMember;SEG_REVENUE;;1255.0
134;2019;4;2019Q4_StorageSegmentMember;SEG_REVENUE;;1252.0
134;2020;1;2020Q1_StorageSegmentMember;SEG_REVENUE;;1086.0
134;2020;2;2020Q2_StorageSegmentMember;SEG_REVENUE;;1128.0
134;2020;4;2020Q4_StorageSegmentMember;SEG_REVENUE;;1192.0
134;2021;1;2021Q1_StorageSegmentMember;SEG_REVENUE;;1136.0
134;2021;2;2021Q2_StorageSegmentMember;SEG_REVENUE;;1175.0
134;2021;4;2021Q4_StorageSegmentMember;SEG_REVENUE;;1156.0
134;2022;1;2022Q1_StorageSegmentMember;SEG_REVENUE;;1098.0
134;2022;2;2022Q2_StorageSegmentMember;SEG_REVENUE;;1152.0
134;2022;4;2022Q4_StorageSegmentMember;SEG_REVENUE;;1187.0
134;2023;1;2023Q1_StorageSegmentMember;SEG_REVENUE;;1043.0
134;2023;2;2023Q2_StorageSegmentMember;SEG_REVENUE;;1074.0
134;2024;4;2024Q4_StorageSegmentMember;SEG_REVENUE;;1055.0
134;2025;1;2025Q1_StorageSegmentMember;SEG_REVENUE;;1148.0
134;2025;4;2025Q4_StorageSegmentMember;SEG_REVENUE;;1061.0
134;2022;4;2022Q4_ServerSegmentMember;SEG_REVENUE;;4332.0
134;2023;1;2023Q1_ServerSegmentMember;SEG_REVENUE;;3287.0
134;2023;2;2023Q2_ServerSegmentMember;SEG_REVENUE;;3168.0
134;2023;4;2023Q4_ServerSegmentMember;SEG_REVENUE;;3327.0
134;2024;1;2024Q1_ServerSegmentMember;SEG_REVENUE;;3841.0
134;2024;2;2024Q2_ServerSegmentMember;SEG_REVENUE;;4255.0
134;2024;4;2024Q4_ServerSegmentMember;SEG_REVENUE;;4290.0
134;2025;1;2025Q1_ServerSegmentMember;SEG_REVENUE;;4058.0
134;2025;2;2025Q2_ServerSegmentMember;SEG_REVENUE;;4940.0
134;2025;4;2025Q4_ServerSegmentMember;SEG_REVENUE;;4232.0
134;2024;4;2024Q4_CloudAISegmentMember;SEG_REVENUE;;6511.0
134;2025;1;2025Q1_CloudAISegmentMember;SEG_REVENUE;;6271.0
134;2025;4;2025Q4_CloudAISegmentMember;SEG_REVENUE;;6334.0
134;2022;4;2022Q4_HybridCloudMember;SEG_REVENUE;;1384.0
134;2023;1;2023Q1_HybridCloudMember;SEG_REVENUE;;1371.0
134;2023;2;2023Q2_HybridCloudMember;SEG_REVENUE;;1397.0
134;2023;4;2023Q4_HybridCloudMember;SEG_REVENUE;;1273.0
134;2024;1;2024Q1_HybridCloudMember;SEG_REVENUE;;1282.0
134;2024;2;2024Q2_HybridCloudMember;SEG_REVENUE;;1325.0
134;2024;4;2024Q4_HybridCloudMember;SEG_REVENUE;;1405.0
134;2025;1;2025Q1_HybridCloudMember;SEG_REVENUE;;1453.0
134;2025;2;2025Q2_HybridCloudMember;SEG_REVENUE;;1484.0
134;2019;1;2019Q1_FinancialServicesMember;SEG_REVENUE;;896.0
134;2019;2;2019Q2_FinancialServicesMember;SEG_REVENUE;;888.0
134;2019;4;2019Q4_FinancialServicesMember;SEG_REVENUE;;859.0
134;2020;1;2020Q1_FinancialServicesMember;SEG_REVENUE;;833.0
134;2020;2;2020Q2_FinancialServicesMember;SEG_REVENUE;;811.0
134;2020;4;2020Q4_FinancialServicesMember;SEG_REVENUE;;860.0
134;2021;1;2021Q1_FinancialServicesMember;SEG_REVENUE;;839.0
134;2021;2;2021Q2_FinancialServicesMember;SEG_REVENUE;;844.0
134;2021;4;2021Q4_FinancialServicesMember;SEG_REVENUE;;842.0
134;2022;1;2022Q1_FinancialServicesMember;SEG_REVENUE;;823.0
134;2022;2;2022Q2_FinancialServicesMember;SEG_REVENUE;;817.0
134;2022;4;2022Q4_FinancialServicesMember;SEG_REVENUE;;873.0
134;2023;1;2023Q1_FinancialServicesMember;SEG_REVENUE;;858.0
134;2023;2;2023Q2_FinancialServicesMember;SEG_REVENUE;;873.0
134;2023;4;2023Q4_FinancialServicesMember;SEG_REVENUE;;873.0
134;2024;1;2024Q1_FinancialServicesMember;SEG_REVENUE;;867.0
134;2024;2;2024Q2_FinancialServicesMember;SEG_REVENUE;;879.0
134;2024;4;2024Q4_FinancialServicesMember;SEG_REVENUE;;873.0
134;2025;1;2025Q1_FinancialServicesMember;SEG_REVENUE;;856.0
134;2025;2;2025Q2_FinancialServicesMember;SEG_REVENUE;;886.0
134;2025;4;2025Q4_FinancialServicesMember;SEG_REVENUE;;876.0
134;2019;2;2019Q2_HybridITMember;SEG_REVENUE;;5549.0
134;2019;1;2019Q1_CorporateInvestmentsMember;SEG_REVENUE;;125.0
134;2019;2;2019Q2_CorporateInvestmentsMember;SEG_REVENUE;;130.0
134;2019;4;2019Q4_CorporateInvestmentsMember;SEG_REVENUE;;121.0
134;2020;1;2020Q1_CorporateInvestmentsMember;SEG_REVENUE;;124.0
134;2020;2;2020Q2_CorporateInvestmentsMember;SEG_REVENUE;;119.0
134;2024;4;2024Q4_NetworkingMember;SEG_REVENUE;;1076.0
134;2025;1;2025Q1_NetworkingMember;SEG_REVENUE;;1084.0
134;2025;4;2025Q4_NetworkingMember;SEG_REVENUE;;2706.0
134;2019;4;2019Q4_CorporateAndOtherMember;SEG_REVENUE;;327.0
134;2020;1;2020Q1_CorporateAndOtherMember;SEG_REVENUE;;328.0
134;2020;2;2020Q2_CorporateAndOtherMember;SEG_REVENUE;;303.0
134;2020;4;2020Q4_CorporateAndOtherMember;SEG_REVENUE;;321.0
134;2021;1;2021Q1_CorporateAndOtherMember;SEG_REVENUE;;350.0
134;2021;2;2021Q2_CorporateAndOtherMember;SEG_REVENUE;;332.0
134;2021;4;2021Q4_CorporateAndOtherMember;SEG_REVENUE;;325.0
134;2022;1;2022Q1_CorporateAndOtherMember;SEG_REVENUE;;327.0
134;2022;2;2022Q2_CorporateAndOtherMember;SEG_REVENUE;;300.0
134;2022;4;2022Q4_CorporateAndOtherMember;SEG_REVENUE;;293.0
134;2023;1;2023Q1_CorporateAndOtherMember;SEG_REVENUE;;296.0
134;2023;2;2023Q2_CorporateAndOtherMember;SEG_REVENUE;;318.0
134;2023;4;2023Q4_CorporateAndOtherMember;SEG_REVENUE;;238.0
134;2024;1;2024Q1_CorporateAndOtherMember;SEG_REVENUE;;252.0
134;2024;2;2024Q2_CorporateAndOtherMember;SEG_REVENUE;;262.0
134;2024;4;2024Q4_CorporateAndOtherMember;SEG_REVENUE;;197.0
134;2025;1;2025Q1_CorporateAndOtherMember;SEG_REVENUE;;194.0
134;2025;2;2025Q2_CorporateAndOtherMember;SEG_REVENUE;;194.0
134;2025;4;2025Q4_CorporateAndOtherMember;SEG_REVENUE;;261.0
134;2024;4;2024Q4_CampusBranchMember;SEG_REVENUE;;864.0
134;2025;1;2025Q1_CampusBranchMember;SEG_REVENUE;;880.0
134;2025;4;2025Q4_CampusBranchMember;SEG_REVENUE;;1227.0
134;2024;4;2024Q4_OtherSegmentMember;SEG_REVENUE;;235.0
134;2025;1;2025Q1_OtherSegmentMember;SEG_REVENUE;;158.0
134;2025;4;2025Q4_OtherSegmentMember;SEG_REVENUE;;165.0
134;2019;1;2019Q1_AdvisoryandProfessionalServicesSegmentMember;SEG_REVENUE;;260.0
134;2019;2;2019Q2_AdvisoryandProfessionalServicesSegmentMember;SEG_REVENUE;;242.0
134;2019;4;2019Q4_AdvisoryandProfessionalServicesSegmentMember;SEG_REVENUE;;243.0
134;2020;1;2020Q1_AdvisoryandProfessionalServicesSegmentMember;SEG_REVENUE;;237.0
134;2020;2;2020Q2_AdvisoryandProfessionalServicesSegmentMember;SEG_REVENUE;;226.0
134;2019;1;2019Q1_HighPerformanceComputeandMissionCriticalSystemsSegmentMember;SEG_REVENUE;;721.0
134;2019;2;2019Q2_HighPerformanceComputeandMissionCriticalSystemsSegmentMember;SEG_REVENUE;;633.0
134;2019;4;2019Q4_HighPerformanceComputeandMissionCriticalSystemsSegmentMember;SEG_REVENUE;;823.0
134;2020;1;2020Q1_HighPerformanceComputeandMissionCriticalSystemsSegmentMember;SEG_REVENUE;;589.0
134;2020;2;2020Q2_HighPerformanceComputeandMissionCriticalSystemsSegmentMember;SEG_REVENUE;;649.0
149;2019;1;2019Q1_PowerSolutionsGroupMember;SEG_REVENUE;;704.2
149;2019;2;2019Q2_PowerSolutionsGroupMember;SEG_REVENUE;;700.9
149;2019;3;2019Q3_PowerSolutionsGroupMember;SEG_REVENUE;;687.9
149;2020;1;2020Q1_PowerSolutionsGroupMember;SEG_REVENUE;;623.9
149;2020;2;2020Q2_PowerSolutionsGroupMember;SEG_REVENUE;;618.4
149;2020;3;2020Q3_PowerSolutionsGroupMember;SEG_REVENUE;;647.4
149;2021;1;2021Q1_PowerSolutionsGroupMember;SEG_REVENUE;;747.0
149;2021;2;2021Q2_PowerSolutionsGroupMember;SEG_REVENUE;;846.6
149;2021;3;2021Q3_PowerSolutionsGroupMember;SEG_REVENUE;;892.1
149;2022;1;2022Q1_PowerSolutionsGroupMember;SEG_REVENUE;;986.7
149;2022;2;2022Q2_PowerSolutionsGroupMember;SEG_REVENUE;;1057.0
149;2022;3;2022Q3_PowerSolutionsGroupMember;SEG_REVENUE;;1116.1
149;2023;1;2023Q1_PowerSolutionsGroupMember;SEG_REVENUE;;860.9
149;2023;2;2023Q2_PowerSolutionsGroupMember;SEG_REVENUE;;977.4
149;2023;3;2023Q3_PowerSolutionsGroupMember;SEG_REVENUE;;1076.5
149;2024;1;2024Q1_PowerSolutionsGroupMember;SEG_REVENUE;;874.2
149;2024;2;2024Q2_PowerSolutionsGroupMember;SEG_REVENUE;;835.2
149;2024;3;2024Q3_PowerSolutionsGroupMember;SEG_REVENUE;;829.4
149;2025;1;2025Q1_PowerSolutionsGroupMember;SEG_REVENUE;;645.1
149;2025;2;2025Q2_PowerSolutionsGroupMember;SEG_REVENUE;;698.2
149;2025;3;2025Q3_PowerSolutionsGroupMember;SEG_REVENUE;;737.6
149;2019;1;2019Q1_AnalogSolutionsGroupMember;SEG_REVENUE;;494.1
149;2019;2;2019Q2_AnalogSolutionsGroupMember;SEG_REVENUE;;462.0
149;2019;3;2019Q3_AnalogSolutionsGroupMember;SEG_REVENUE;;508.9
149;2020;1;2020Q1_AnalogSolutionsGroupMember;SEG_REVENUE;;467.1
149;2020;2;2020Q2_AnalogSolutionsGroupMember;SEG_REVENUE;;426.7
149;2020;3;2020Q3_AnalogSolutionsGroupMember;SEG_REVENUE;;494.6
149;2021;1;2021Q1_AnalogSolutionsGroupMember;SEG_REVENUE;;531.5
149;2021;2;2021Q2_AnalogSolutionsGroupMember;SEG_REVENUE;;607.6
149;2021;3;2021Q3_AnalogSolutionsGroupMember;SEG_REVENUE;;613.5
149;2022;1;2022Q1_AnalogSolutionsGroupMember;SEG_REVENUE;;689.3
149;2022;2;2022Q2_AnalogSolutionsGroupMember;SEG_REVENUE;;716.7
149;2022;3;2022Q3_AnalogSolutionsGroupMember;SEG_REVENUE;;734.3
149;2023;1;2023Q1_AnalogSolutionsGroupMember;SEG_REVENUE;;592.8
149;2023;2;2023Q2_AnalogSolutionsGroupMember;SEG_REVENUE;;649.5
149;2023;3;2023Q3_AnalogSolutionsGroupMember;SEG_REVENUE;;621.6
149;2019;1;2019Q1_IntelligentSensingGroupMember;SEG_REVENUE;;188.3
149;2019;2;2019Q2_IntelligentSensingGroupMember;SEG_REVENUE;;184.8
149;2019;3;2019Q3_IntelligentSensingGroupMember;SEG_REVENUE;;185.0
149;2020;1;2020Q1_IntelligentSensingGroupMember;SEG_REVENUE;;186.9
149;2020;2;2020Q2_IntelligentSensingGroupMember;SEG_REVENUE;;168.4
149;2020;3;2020Q3_IntelligentSensingGroupMember;SEG_REVENUE;;175.3
149;2021;1;2021Q1_IntelligentSensingGroupMember;SEG_REVENUE;;203.2
149;2021;2;2021Q2_IntelligentSensingGroupMember;SEG_REVENUE;;215.7
149;2021;3;2021Q3_IntelligentSensingGroupMember;SEG_REVENUE;;236.5
149;2022;1;2022Q1_IntelligentSensingGroupMember;SEG_REVENUE;;269.0
149;2022;2;2022Q2_IntelligentSensingGroupMember;SEG_REVENUE;;311.3
149;2022;3;2022Q3_IntelligentSensingGroupMember;SEG_REVENUE;;342.2
149;2023;1;2023Q1_IntelligentSensingGroupMember;SEG_REVENUE;;354.1
149;2023;2;2023Q2_IntelligentSensingGroupMember;SEG_REVENUE;;325.1
149;2023;3;2023Q3_IntelligentSensingGroupMember;SEG_REVENUE;;328.6
149;2024;1;2024Q1_IntelligentSensingGroupMember;SEG_REVENUE;;291.5
149;2024;2;2024Q2_IntelligentSensingGroupMember;SEG_REVENUE;;252.2
149;2024;3;2024Q3_IntelligentSensingGroupMember;SEG_REVENUE;;278.8
149;2025;1;2025Q1_IntelligentSensingGroupMember;SEG_REVENUE;;234.2
149;2025;2;2025Q2_IntelligentSensingGroupMember;SEG_REVENUE;;214.6
149;2025;3;2025Q3_IntelligentSensingGroupMember;SEG_REVENUE;;230.0
149;2023;1;2023Q1_AnalogMixedSignalGroupMember;SEG_REVENUE;;744.7
149;2023;2;2023Q2_AnalogMixedSignalGroupMember;SEG_REVENUE;;791.9
149;2023;3;2023Q3_AnalogMixedSignalGroupMember;SEG_REVENUE;;775.7
149;2024;1;2024Q1_AnalogMixedSignalGroupMember;SEG_REVENUE;;697.0
149;2024;2;2024Q2_AnalogMixedSignalGroupMember;SEG_REVENUE;;647.8
149;2024;3;2024Q3_AnalogMixedSignalGroupMember;SEG_REVENUE;;653.7
149;2025;1;2025Q1_AnalogMixedSignalGroupMember;SEG_REVENUE;;566.4
149;2025;2;2025Q2_AnalogMixedSignalGroupMember;SEG_REVENUE;;555.9
149;2025;3;2025Q3_AnalogMixedSignalGroupMember;SEG_REVENUE;;583.3
151;2019;1;2019Q1_AmericasSegmentMember;SEG_REVENUE;;7695.0
151;2019;3;2019Q3_AmericasSegmentMember;SEG_REVENUE;;7977.0
151;2019;4;2019Q4_AmericasSegmentMember;SEG_REVENUE;;7013.0
151;2020;1;2020Q1_AmericasSegmentMember;SEG_REVENUE;;7116.0
151;2020;3;2020Q3_AmericasSegmentMember;SEG_REVENUE;;7198.0
151;2020;4;2020Q4_AmericasSegmentMember;SEG_REVENUE;;6969.0
151;2021;3;2021Q3_AmericasSegmentMember;SEG_REVENUE;;7561.0
151;2021;4;2021Q4_AmericasSegmentMember;SEG_REVENUE;;7146.0
151;2022;1;2022Q1_AmericasSegmentMember;SEG_REVENUE;;7638.0
151;2022;3;2022Q3_AmericasSegmentMember;SEG_REVENUE;;7914.0
151;2022;4;2022Q4_AmericasSegmentMember;SEG_REVENUE;;7825.0
151;2023;1;2023Q1_AmericasSegmentMember;SEG_REVENUE;;8634.0
151;2023;3;2023Q3_AmericasSegmentMember;SEG_REVENUE;;9022.0
151;2023;4;2023Q4_AmericasSegmentMember;SEG_REVENUE;;7510.0
151;2024;1;2024Q1_AmericasSegmentMember;SEG_REVENUE;;7372.0
151;2024;3;2024Q3_AmericasSegmentMember;SEG_REVENUE;;8252.0
151;2024;4;2024Q4_AmericasSegmentMember;SEG_REVENUE;;8202.0
151;2025;1;2025Q1_AmericasSegmentMember;SEG_REVENUE;;8380.0
151;2025;3;2025Q3_AmericasSegmentMember;SEG_REVENUE;;8989.0
151;2025;4;2025Q4_AmericasSegmentMember;SEG_REVENUE;;8845.0
151;2019;1;2019Q1_EuropeMiddleEastAndAfricaSegmentMember;SEG_REVENUE;;3356.0
151;2019;3;2019Q3_EuropeMiddleEastAndAfricaSegmentMember;SEG_REVENUE;;3283.0
151;2019;4;2019Q4_EuropeMiddleEastAndAfricaSegmentMember;SEG_REVENUE;;3134.0
151;2020;1;2020Q1_EuropeMiddleEastAndAfricaSegmentMember;SEG_REVENUE;;3136.0
151;2020;3;2020Q3_EuropeMiddleEastAndAfricaSegmentMember;SEG_REVENUE;;2964.0
151;2020;4;2020Q4_EuropeMiddleEastAndAfricaSegmentMember;SEG_REVENUE;;3207.0
151;2021;3;2021Q3_EuropeMiddleEastAndAfricaSegmentMember;SEG_REVENUE;;3303.0
151;2021;4;2021Q4_EuropeMiddleEastAndAfricaSegmentMember;SEG_REVENUE;;3564.0
151;2022;1;2022Q1_EuropeMiddleEastAndAfricaSegmentMember;SEG_REVENUE;;3271.0
151;2022;3;2022Q3_EuropeMiddleEastAndAfricaSegmentMember;SEG_REVENUE;;3675.0
151;2022;4;2022Q4_EuropeMiddleEastAndAfricaSegmentMember;SEG_REVENUE;;3728.0
151;2023;1;2023Q1_EuropeMiddleEastAndAfricaSegmentMember;SEG_REVENUE;;3806.0
151;2023;3;2023Q3_EuropeMiddleEastAndAfricaSegmentMember;SEG_REVENUE;;3664.0
151;2023;4;2023Q4_EuropeMiddleEastAndAfricaSegmentMember;SEG_REVENUE;;3484.0
151;2024;1;2024Q1_EuropeMiddleEastAndAfricaSegmentMember;SEG_REVENUE;;3458.0
151;2024;3;2024Q3_EuropeMiddleEastAndAfricaSegmentMember;SEG_REVENUE;;3588.0
151;2024;4;2024Q4_EuropeMiddleEastAndAfricaSegmentMember;SEG_REVENUE;;3855.0
151;2025;1;2025Q1_EuropeMiddleEastAndAfricaSegmentMember;SEG_REVENUE;;3736.0
151;2025;3;2025Q3_EuropeMiddleEastAndAfricaSegmentMember;SEG_REVENUE;;3784.0
151;2025;4;2025Q4_EuropeMiddleEastAndAfricaSegmentMember;SEG_REVENUE;;4425.0
151;2019;1;2019Q1_AsiaPacificJapanAndChinaSegmentMember;SEG_REVENUE;;1907.0
151;2019;3;2019Q3_AsiaPacificJapanAndChinaSegmentMember;SEG_REVENUE;;1899.0
151;2019;4;2019Q4_AsiaPacificJapanAndChinaSegmentMember;SEG_REVENUE;;1859.0
151;2020;1;2020Q1_AsiaPacificJapanAndChinaSegmentMember;SEG_REVENUE;;1730.0
151;2020;3;2020Q3_AsiaPacificJapanAndChinaSegmentMember;SEG_REVENUE;;1767.0
151;2020;4;2020Q4_AsiaPacificJapanAndChinaSegmentMember;SEG_REVENUE;;1784.0
151;2021;3;2021Q3_AsiaPacificJapanAndChinaSegmentMember;SEG_REVENUE;;2036.0
151;2021;4;2021Q4_AsiaPacificJapanAndChinaSegmentMember;SEG_REVENUE;;2010.0
151;2022;1;2022Q1_AsiaPacificJapanAndChinaSegmentMember;SEG_REVENUE;;1926.0
151;2022;3;2022Q3_AsiaPacificJapanAndChinaSegmentMember;SEG_REVENUE;;2043.0
151;2022;4;2022Q4_AsiaPacificJapanAndChinaSegmentMember;SEG_REVENUE;;2039.0
151;2023;1;2023Q1_AsiaPacificJapanAndChinaSegmentMember;SEG_REVENUE;;2131.0
151;2023;3;2023Q3_AsiaPacificJapanAndChinaSegmentMember;SEG_REVENUE;;1982.0
151;2023;4;2023Q4_AsiaPacificJapanAndChinaSegmentMember;SEG_REVENUE;;1798.0
151;2024;1;2024Q1_AsiaPacificJapanAndChinaSegmentMember;SEG_REVENUE;;1873.0
151;2024;3;2024Q3_AsiaPacificJapanAndChinaSegmentMember;SEG_REVENUE;;2001.0
151;2024;4;2024Q4_AsiaPacificJapanAndChinaSegmentMember;SEG_REVENUE;;1934.0
151;2025;1;2025Q1_AsiaPacificJapanAndChinaSegmentMember;SEG_REVENUE;;2034.0
151;2025;3;2025Q3_AsiaPacificJapanAndChinaSegmentMember;SEG_REVENUE;;2111.0
151;2025;4;2025Q4_AsiaPacificJapanAndChinaSegmentMember;SEG_REVENUE;;2080.0
157;2019;2;2019Q2_InfrastructureandDefenseProductsMember;SEG_REVENUE;;219.345
157;2019;3;2019Q3_InfrastructureandDefenseProductsMember;SEG_REVENUE;;183.592
157;2019;4;2019Q4_InfrastructureandDefenseProductsMember;SEG_REVENUE;;206.964
157;2020;2;2020Q2_InfrastructureandDefenseProductsMember;SEG_REVENUE;;319.047
157;2020;4;2020Q4_InfrastructureandDefenseProductsMember;SEG_REVENUE;;268.813
157;2021;2;2021Q2_InfrastructureandDefenseProductsMember;SEG_REVENUE;;274.213
157;2021;3;2021Q3_InfrastructureandDefenseProductsMember;SEG_REVENUE;;259.551
157;2021;4;2021Q4_InfrastructureandDefenseProductsMember;SEG_REVENUE;;265.529
157;2022;2;2022Q2_InfrastructureandDefenseProductsMember;SEG_REVENUE;;302.44
157;2021;3;2021Q3_HPAMember;SEG_REVENUE;;155.206
157;2021;4;2021Q4_HPAMember;SEG_REVENUE;;181.876
157;2022;2;2022Q2_HPAMember;SEG_REVENUE;;210.951
157;2022;3;2022Q3_HPAMember;SEG_REVENUE;;228.132
157;2022;4;2022Q4_HPAMember;SEG_REVENUE;;155.011
157;2023;2;2023Q2_HPAMember;SEG_REVENUE;;139.692
157;2023;3;2023Q3_HPAMember;SEG_REVENUE;;149.804
157;2023;4;2023Q4_HPAMember;SEG_REVENUE;;118.89
157;2024;2;2024Q2_HPAMember;SEG_REVENUE;;129.468
157;2024;3;2024Q3_HPAMember;SEG_REVENUE;;148.251
157;2024;4;2024Q4_HPAMember;SEG_REVENUE;;171.678
157;2025;2;2025Q2_HPAMember;SEG_REVENUE;;137.395
157;2025;3;2025Q3_HPAMember;SEG_REVENUE;;174.615
157;2025;4;2025Q4_HPAMember;SEG_REVENUE;;190.899
157;2019;2;2019Q2_MobileProductsMember;SEG_REVENUE;;556.253
157;2019;3;2019Q3_MobileProductsMember;SEG_REVENUE;;623.106
157;2019;4;2019Q4_MobileProductsMember;SEG_REVENUE;;662.109
157;2020;2;2020Q2_MobileProductsMember;SEG_REVENUE;;468.404
157;2020;4;2020Q4_MobileProductsMember;SEG_REVENUE;;826.021
157;2021;2;2021Q2_MobileProductsMember;SEG_REVENUE;;836.138
157;2021;3;2021Q3_MobileProductsMember;SEG_REVENUE;;995.697
157;2021;4;2021Q4_MobileProductsMember;SEG_REVENUE;;848.428
157;2022;2;2022Q2_MobileProductsMember;SEG_REVENUE;;732.918
157;2021;3;2021Q3_CSGMember;SEG_REVENUE;;177.529
157;2021;4;2021Q4_CSGMember;SEG_REVENUE;;157.578
157;2022;2;2022Q2_CSGMember;SEG_REVENUE;;152.315
157;2022;3;2022Q3_CSGMember;SEG_REVENUE;;143.329
157;2022;4;2022Q4_CSGMember;SEG_REVENUE;;96.81
157;2023;2;2023Q2_CSGMember;SEG_REVENUE;;99.263
157;2023;3;2023Q3_CSGMember;SEG_REVENUE;;103.622
157;2023;4;2023Q4_CSGMember;SEG_REVENUE;;108.898
157;2024;2;2024Q2_CSGMember;SEG_REVENUE;;114.853
157;2024;3;2024Q3_CSGMember;SEG_REVENUE;;146.822
157;2024;4;2024Q4_CSGMember;SEG_REVENUE;;109.567
157;2025;2;2025Q2_CSGMember;SEG_REVENUE;;110.153
157;2025;3;2025Q3_CSGMember;SEG_REVENUE;;106.924
157;2025;4;2025Q4_CSGMember;SEG_REVENUE;;111.301
157;2021;3;2021Q3_ACGMember;SEG_REVENUE;;922.513
157;2021;4;2021Q4_ACGMember;SEG_REVENUE;;774.503
157;2022;2;2022Q2_ACGMember;SEG_REVENUE;;672.092
157;2022;3;2022Q3_ACGMember;SEG_REVENUE;;786.596
157;2022;4;2022Q4_ACGMember;SEG_REVENUE;;491.46
157;2023;2;2023Q2_ACGMember;SEG_REVENUE;;412.209
157;2023;3;2023Q3_ACGMember;SEG_REVENUE;;850.067
157;2023;4;2023Q4_ACGMember;SEG_REVENUE;;846.073
157;2024;2;2024Q2_ACGMember;SEG_REVENUE;;642.35
157;2024;3;2024Q3_ACGMember;SEG_REVENUE;;751.436
157;2024;4;2024Q4_ACGMember;SEG_REVENUE;;635.072
157;2025;2;2025Q2_ACGMember;SEG_REVENUE;;571.23
157;2025;3;2025Q3_ACGMember;SEG_REVENUE;;776.964
157;2025;4;2025Q4_ACGMember;SEG_REVENUE;;690.759
179;2022;1;2022Q1_FordNextMember;SEG_REVENUE;;84.0
179;2022;2;2022Q2_FordNextMember;SEG_REVENUE;;25.0
179;2022;3;2022Q3_FordNextMember;SEG_REVENUE;;11.0
179;2023;1;2023Q1_FordNextMember;SEG_REVENUE;;1.0
179;2023;2;2023Q2_FordNextMember;SEG_REVENUE;;0.0
179;2023;3;2023Q3_FordNextMember;SEG_REVENUE;;1.0
179;2024;1;2024Q1_FordNextMember;SEG_REVENUE;;1.0
179;2024;2;2024Q2_FordNextMember;SEG_REVENUE;;2.0
179;2024;3;2024Q3_FordNextMember;SEG_REVENUE;;2.0
179;2019;1;2019Q1_MobilitySegmentMember;SEG_REVENUE;;6.0
179;2019;2;2019Q2_MobilitySegmentMember;SEG_REVENUE;;6.0
179;2019;3;2019Q3_MobilitySegmentMember;SEG_REVENUE;;14.0
179;2020;1;2020Q1_MobilitySegmentMember;SEG_REVENUE;;13.0
179;2020;2;2020Q2_MobilitySegmentMember;SEG_REVENUE;;7.0
179;2020;3;2020Q3_MobilitySegmentMember;SEG_REVENUE;;20.0
179;2021;1;2021Q1_MobilitySegmentMember;SEG_REVENUE;;11.0
179;2021;2;2021Q2_MobilitySegmentMember;SEG_REVENUE;;21.0
179;2021;3;2021Q3_MobilitySegmentMember;SEG_REVENUE;;38.0
179;2022;1;2022Q1_MobilitySegmentMember;SEG_REVENUE;;84.0
179;2022;2;2022Q2_MobilitySegmentMember;SEG_REVENUE;;25.0
179;2022;3;2022Q3_MobilitySegmentMember;SEG_REVENUE;;11.0
179;2019;1;2019Q1_FordCreditMember;SEG_REVENUE;;3097.0
179;2019;2;2019Q2_FordCreditMember;SEG_REVENUE;;3089.0
179;2019;3;2019Q3_FordCreditMember;SEG_REVENUE;;3045.0
179;2020;1;2020Q1_FordCreditMember;SEG_REVENUE;;2967.0
179;2020;2;2020Q2_FordCreditMember;SEG_REVENUE;;2739.0
179;2020;3;2020Q3_FordCreditMember;SEG_REVENUE;;2774.0
179;2021;1;2021Q1_FordCreditMember;SEG_REVENUE;;2663.0
179;2021;2;2021Q2_FordCreditMember;SEG_REVENUE;;2603.0
179;2021;3;2021Q3_FordCreditMember;SEG_REVENUE;;2434.0
179;2022;1;2022Q1_FordCreditMember;SEG_REVENUE;;2281.0
179;2022;2;2022Q2_FordCreditMember;SEG_REVENUE;;2256.0
179;2022;3;2022Q3_FordCreditMember;SEG_REVENUE;;2187.0
179;2023;1;2023Q1_FordCreditMember;SEG_REVENUE;;2389.0
179;2023;2;2023Q2_FordCreditMember;SEG_REVENUE;;2527.0
179;2023;3;2023Q3_FordCreditMember;SEG_REVENUE;;2625.0
179;2024;1;2024Q1_FordCreditMember;SEG_REVENUE;;2887.0
179;2024;2;2024Q2_FordCreditMember;SEG_REVENUE;;2997.0
179;2024;3;2024Q3_FordCreditMember;SEG_REVENUE;;3127.0
179;2025;1;2025Q1_FordCreditMember;SEG_REVENUE;;3237.0
179;2025;2;2025Q2_FordCreditMember;SEG_REVENUE;;3241.0
179;2025;3;2025Q3_FordCreditMember;SEG_REVENUE;;3349.0
179;2020;1;2020Q1_CompanyExcludingFordCreditMember;SEG_REVENUE;;31353.0
179;2020;2;2020Q2_CompanyExcludingFordCreditMember;SEG_REVENUE;;16632.0
179;2020;3;2020Q3_CompanyExcludingFordCreditMember;SEG_REVENUE;;34727.0
179;2021;1;2021Q1_CompanyExcludingFordCreditMember;SEG_REVENUE;;33565.0
179;2021;2;2021Q2_CompanyExcludingFordCreditMember;SEG_REVENUE;;24149.0
179;2021;3;2021Q3_CompanyExcludingFordCreditMember;SEG_REVENUE;;33249.0
179;2022;1;2022Q1_CompanyExcludingFordCreditMember;SEG_REVENUE;;32195.0
179;2022;2;2022Q2_CompanyExcludingFordCreditMember;SEG_REVENUE;;37934.0
179;2022;3;2022Q3_CompanyExcludingFordCreditMember;SEG_REVENUE;;37205.0
179;2023;1;2023Q1_CompanyExcludingFordCreditMember;SEG_REVENUE;;39085.0
179;2023;2;2023Q2_CompanyExcludingFordCreditMember;SEG_REVENUE;;42427.0
179;2023;3;2023Q3_CompanyExcludingFordCreditMember;SEG_REVENUE;;41176.0
179;2024;1;2024Q1_CompanyExcludingFordCreditMember;SEG_REVENUE;;39890.0
179;2024;2;2024Q2_CompanyExcludingFordCreditMember;SEG_REVENUE;;44811.0
179;2024;3;2024Q3_CompanyExcludingFordCreditMember;SEG_REVENUE;;43069.0
179;2025;1;2025Q1_CompanyExcludingFordCreditMember;SEG_REVENUE;;37422.0
179;2025;2;2025Q2_CompanyExcludingFordCreditMember;SEG_REVENUE;;46943.0
179;2025;3;2025Q3_CompanyExcludingFordCreditMember;SEG_REVENUE;;47185.0
179;2022;1;2022Q1_FordBlueMember;SEG_REVENUE;;20810.0
179;2022;2;2022Q2_FordBlueMember;SEG_REVENUE;;23834.0
179;2022;3;2022Q3_FordBlueMember;SEG_REVENUE;;23824.0
179;2023;1;2023Q1_FordBlueMember;SEG_REVENUE;;25124.0
179;2023;2;2023Q2_FordBlueMember;SEG_REVENUE;;25002.0
179;2023;3;2023Q3_FordBlueMember;SEG_REVENUE;;25587.0
179;2024;1;2024Q1_FordBlueMember;SEG_REVENUE;;21754.0
179;2024;2;2024Q2_FordBlueMember;SEG_REVENUE;;26670.0
179;2024;3;2024Q3_FordBlueMember;SEG_REVENUE;;26238.0
179;2025;1;2025Q1_FordBlueMember;SEG_REVENUE;;20997.0
179;2025;2;2025Q2_FordBlueMember;SEG_REVENUE;;25784.0
179;2025;3;2025Q3_FordBlueMember;SEG_REVENUE;;28018.0
179;2022;1;2022Q1_FordModelEMember;SEG_REVENUE;;972.0
179;2022;2;2022Q2_FordModelEMember;SEG_REVENUE;;1320.0
179;2022;3;2022Q3_FordModelEMember;SEG_REVENUE;;1401.0
179;2023;1;2023Q1_FordModelEMember;SEG_REVENUE;;707.0
179;2023;2;2023Q2_FordModelEMember;SEG_REVENUE;;1834.0
179;2023;3;2023Q3_FordModelEMember;SEG_REVENUE;;1758.0
179;2024;1;2024Q1_FordModelEMember;SEG_REVENUE;;116.0
179;2024;2;2024Q2_FordModelEMember;SEG_REVENUE;;1150.0
179;2024;3;2024Q3_FordModelEMember;SEG_REVENUE;;1173.0
179;2025;1;2025Q1_FordModelEMember;SEG_REVENUE;;1242.0
179;2025;2;2025Q2_FordModelEMember;SEG_REVENUE;;2357.0
179;2025;3;2025Q3_FordModelEMember;SEG_REVENUE;;1783.0
179;2019;1;2019Q1_AutomotiveSegmentMember;SEG_REVENUE;;37239.0
179;2019;2;2019Q2_AutomotiveSegmentMember;SEG_REVENUE;;35758.0
179;2019;3;2019Q3_AutomotiveSegmentMember;SEG_REVENUE;;33931.0
179;2020;1;2020Q1_AutomotiveSegmentMember;SEG_REVENUE;;31340.0
179;2020;2;2020Q2_AutomotiveSegmentMember;SEG_REVENUE;;16625.0
179;2020;3;2020Q3_AutomotiveSegmentMember;SEG_REVENUE;;34707.0
179;2021;1;2021Q1_AutomotiveSegmentMember;SEG_REVENUE;;33554.0
179;2021;2;2021Q2_AutomotiveSegmentMember;SEG_REVENUE;;24128.0
179;2021;3;2021Q3_AutomotiveSegmentMember;SEG_REVENUE;;33211.0
179;2022;1;2022Q1_AutomotiveSegmentMember;SEG_REVENUE;;32111.0
179;2022;2;2022Q2_AutomotiveSegmentMember;SEG_REVENUE;;37909.0
179;2022;3;2022Q3_AutomotiveSegmentMember;SEG_REVENUE;;37194.0
179;2022;1;2022Q1_FordProMember;SEG_REVENUE;;10324.0
179;2022;2;2022Q2_FordProMember;SEG_REVENUE;;12748.0
179;2022;3;2022Q3_FordProMember;SEG_REVENUE;;11961.0
179;2023;1;2023Q1_FordProMember;SEG_REVENUE;;13249.0
179;2023;2;2023Q2_FordProMember;SEG_REVENUE;;15589.0
179;2023;3;2023Q3_FordProMember;SEG_REVENUE;;13829.0
179;2024;1;2024Q1_FordProMember;SEG_REVENUE;;18019.0
179;2024;2;2024Q2_FordProMember;SEG_REVENUE;;16988.0
179;2024;3;2024Q3_FordProMember;SEG_REVENUE;;15655.0
179;2025;1;2025Q1_FordProMember;SEG_REVENUE;;15181.0
179;2025;2;2025Q2_FordProMember;SEG_REVENUE;;18797.0
179;2025;3;2025Q3_FordProMember;SEG_REVENUE;;17378.0
180;2019;1;2019Q1_CruiseMember;SEG_REVENUE;;25.0
180;2019;2;2019Q2_CruiseMember;SEG_REVENUE;;25.0
180;2019;3;2019Q3_CruiseMember;SEG_REVENUE;;25.0
180;2020;1;2020Q1_CruiseMember;SEG_REVENUE;;25.0
180;2020;2;2020Q2_CruiseMember;SEG_REVENUE;;28.0
180;2020;3;2020Q3_CruiseMember;SEG_REVENUE;;26.0
180;2021;1;2021Q1_CruiseMember;SEG_REVENUE;;30.0
180;2021;2;2021Q2_CruiseMember;SEG_REVENUE;;25.0
180;2021;3;2021Q3_CruiseMember;SEG_REVENUE;;26.0
180;2022;1;2022Q1_CruiseMember;SEG_REVENUE;;26.0
180;2022;2;2022Q2_CruiseMember;SEG_REVENUE;;25.0
180;2022;3;2022Q3_CruiseMember;SEG_REVENUE;;25.0
180;2023;1;2023Q1_CruiseMember;SEG_REVENUE;;25.0
180;2023;2;2023Q2_CruiseMember;SEG_REVENUE;;26.0
180;2023;3;2023Q3_CruiseMember;SEG_REVENUE;;25.0
180;2024;1;2024Q1_CruiseMember;SEG_REVENUE;;25.0
180;2024;2;2024Q2_CruiseMember;SEG_REVENUE;;25.0
180;2024;3;2024Q3_CruiseMember;SEG_REVENUE;;26.0
180;2025;1;2025Q1_CruiseMember;SEG_REVENUE;;1.0
180;2025;2;2025Q2_CruiseMember;SEG_REVENUE;;0.0
180;2025;3;2025Q3_CruiseMember;SEG_REVENUE;;0.0
180;2019;1;2019Q1_GMFinancialSegmentMember;SEG_REVENUE;;3620.0
180;2019;2;2019Q2_GMFinancialSegmentMember;SEG_REVENUE;;3639.0
180;2019;3;2019Q3_GMFinancialSegmentMember;SEG_REVENUE;;3659.0
180;2020;1;2020Q1_GMFinancialSegmentMember;SEG_REVENUE;;3561.0
180;2020;2;2020Q2_GMFinancialSegmentMember;SEG_REVENUE;;3423.0
180;2020;3;2020Q3_GMFinancialSegmentMember;SEG_REVENUE;;3421.0
180;2021;1;2021Q1_GMFinancialSegmentMember;SEG_REVENUE;;3407.0
180;2021;2;2021Q2_GMFinancialSegmentMember;SEG_REVENUE;;3426.0
180;2021;3;2021Q3_GMFinancialSegmentMember;SEG_REVENUE;;3354.0
180;2022;1;2022Q1_GMFinancialSegmentMember;SEG_REVENUE;;3156.0
180;2022;2;2022Q2_GMFinancialSegmentMember;SEG_REVENUE;;3146.0
180;2022;3;2022Q3_GMFinancialSegmentMember;SEG_REVENUE;;3187.0
180;2023;1;2023Q1_GMFinancialSegmentMember;SEG_REVENUE;;3343.0
180;2023;2;2023Q2_GMFinancialSegmentMember;SEG_REVENUE;;3498.0
180;2023;3;2023Q3_GMFinancialSegmentMember;SEG_REVENUE;;3641.0
180;2024;1;2024Q1_GMFinancialSegmentMember;SEG_REVENUE;;3811.0
180;2024;2;2024Q2_GMFinancialSegmentMember;SEG_REVENUE;;3918.0
180;2024;3;2024Q3_GMFinancialSegmentMember;SEG_REVENUE;;4031.0
180;2025;1;2025Q1_GMFinancialSegmentMember;SEG_REVENUE;;4164.0
180;2025;2;2025Q2_GMFinancialSegmentMember;SEG_REVENUE;;4255.0
180;2025;3;2025Q3_GMFinancialSegmentMember;SEG_REVENUE;;4337.0
180;2024;3;2024Q3_GMNorthAmericaMember;SEG_REVENUE;;41157.0
180;2025;1;2025Q1_GMNorthAmericaMember;SEG_REVENUE;;37388.0
180;2025;3;2025Q3_GMNorthAmericaMember;SEG_REVENUE;;40551.0
180;2024;3;2024Q3_GMIMember;SEG_REVENUE;;3517.0
180;2025;1;2025Q1_GMIMember;SEG_REVENUE;;2427.0
180;2025;3;2025Q3_GMIMember;SEG_REVENUE;;3645.0
180;2019;2;2019Q2_GMCruiseSegmentMember;SEG_REVENUE;;25.0
190;2022;1;2022Q1_AllOtherSegmentsMember;SEG_REVENUE;;5.0
190;2022;2;2022Q2_AllOtherSegmentsMember;SEG_REVENUE;;6.0
190;2022;3;2022Q3_AllOtherSegmentsMember;SEG_REVENUE;;7.0
190;2023;1;2023Q1_AllOtherSegmentsMember;SEG_REVENUE;;8.0
190;2023;2;2023Q2_AllOtherSegmentsMember;SEG_REVENUE;;8.0
190;2023;3;2023Q3_AllOtherSegmentsMember;SEG_REVENUE;;9.0
190;2024;1;2024Q1_AllOtherSegmentsMember;SEG_REVENUE;;8.0
190;2024;2;2024Q2_AllOtherSegmentsMember;SEG_REVENUE;;11.0
190;2024;3;2024Q3_AllOtherSegmentsMember;SEG_REVENUE;;11.0
190;2025;1;2025Q1_AllOtherSegmentsMember;SEG_REVENUE;;10.0
190;2025;2;2025Q2_AllOtherSegmentsMember;SEG_REVENUE;;9.0
190;2025;3;2025Q3_AllOtherSegmentsMember;SEG_REVENUE;;10.0
190;2022;1;2022Q1_MobileyeMember;SEG_REVENUE;;389.0
190;2022;2;2022Q2_MobileyeMember;SEG_REVENUE;;454.0
190;2022;3;2022Q3_MobileyeMember;SEG_REVENUE;;443.0
190;2023;1;2023Q1_MobileyeMember;SEG_REVENUE;;450.0
190;2023;2;2023Q2_MobileyeMember;SEG_REVENUE;;446.0
190;2023;3;2023Q3_MobileyeMember;SEG_REVENUE;;521.0
190;2024;1;2024Q1_MobileyeMember;SEG_REVENUE;;231.0
190;2024;2;2024Q2_MobileyeMember;SEG_REVENUE;;428.0
190;2024;3;2024Q3_MobileyeMember;SEG_REVENUE;;475.0
190;2025;1;2025Q1_MobileyeMember;SEG_REVENUE;;428.0
190;2025;2;2025Q2_MobileyeMember;SEG_REVENUE;;497.0
190;2025;3;2025Q3_MobileyeMember;SEG_REVENUE;;494.0
200;2019;2;2019Q2_FlexReliabilitySolutionsFRSMember;SEG_REVENUE;;2267.763
200;2019;3;2019Q3_FlexReliabilitySolutionsFRSMember;SEG_REVENUE;;2505.0
200;2019;4;2019Q4_FlexReliabilitySolutionsFRSMember;SEG_REVENUE;;2830.0
200;2020;2;2020Q2_FlexReliabilitySolutionsFRSMember;SEG_REVENUE;;2241.0
200;2020;3;2020Q3_FlexReliabilitySolutionsFRSMember;SEG_REVENUE;;2667.0
200;2021;2;2021Q2_FlexReliabilitySolutionsFRSMember;SEG_REVENUE;;2910.0
200;2021;3;2021Q3_FlexReliabilitySolutionsFRSMember;SEG_REVENUE;;2792.0
200;2021;4;2021Q4_FlexReliabilitySolutionsFRSMember;SEG_REVENUE;;3038.0
200;2022;2;2022Q2_FlexReliabilitySolutionsFRSMember;SEG_REVENUE;;2969.0
200;2022;3;2022Q3_FlexReliabilitySolutionsFRSMember;SEG_REVENUE;;3299.0
200;2022;4;2022Q4_FlexReliabilitySolutionsFRSMember;SEG_REVENUE;;3225.0
200;2023;2;2023Q2_FlexReliabilitySolutionsFRSMember;SEG_REVENUE;;3291.0
200;2023;3;2023Q3_FlexReliabilitySolutionsFRSMember;SEG_REVENUE;;3314.0
200;2023;4;2023Q4_FlexReliabilitySolutionsFRSMember;SEG_REVENUE;;2956.0
200;2024;2;2024Q2_FlexReliabilitySolutionsFRSMember;SEG_REVENUE;;2949.0
200;2024;3;2024Q3_FlexReliabilitySolutionsFRSMember;SEG_REVENUE;;2939.0
200;2024;4;2024Q4_FlexReliabilitySolutionsFRSMember;SEG_REVENUE;;2957.0
200;2025;2;2025Q2_FlexReliabilitySolutionsFRSMember;SEG_REVENUE;;2884.0
200;2025;3;2025Q3_FlexReliabilitySolutionsFRSMember;SEG_REVENUE;;3038.0
200;2025;4;2025Q4_FlexReliabilitySolutionsFRSMember;SEG_REVENUE;;3240.0
200;2021;2;2021Q2_NextrackerLLCMember;SEG_REVENUE;;341.0
200;2021;3;2021Q3_NextrackerLLCMember;SEG_REVENUE;;339.0
200;2021;4;2021Q4_NextrackerLLCMember;SEG_REVENUE;;338.0
200;2022;2;2022Q2_NextrackerLLCMember;SEG_REVENUE;;395.0
200;2022;3;2022Q3_NextrackerLLCMember;SEG_REVENUE;;473.0
200;2022;4;2022Q4_NextrackerLLCMember;SEG_REVENUE;;516.0
200;2023;3;2023Q3_NextrackerLLCMember;SEG_REVENUE;;573.0
200;2023;4;2023Q4_NextrackerLLCMember;SEG_REVENUE;;710.0
200;2022;2;2022Q2_FASSegmentMember;SEG_REVENUE;;3991.0
200;2023;2;2023Q2_FASSegmentMember;SEG_REVENUE;;3601.0
200;2019;2;2019Q2_ConsumerTechnologyGroupCTGMember;SEG_REVENUE;;1502.133
200;2019;3;2019Q3_ConsumerTechnologyGroupCTGMember;SEG_REVENUE;;1385.258
200;2019;4;2019Q4_ConsumerTechnologyGroupCTGMember;SEG_REVENUE;;1346.396
200;2019;2;2019Q2_FlexAgilitySolutionsFASMember;SEG_REVENUE;;3908.176
200;2019;3;2019Q3_FlexAgilitySolutionsFASMember;SEG_REVENUE;;3583.0
200;2019;4;2019Q4_FlexAgilitySolutionsFASMember;SEG_REVENUE;;3631.0
200;2020;2;2020Q2_FlexAgilitySolutionsFASMember;SEG_REVENUE;;2912.0
200;2020;3;2020Q3_FlexAgilitySolutionsFASMember;SEG_REVENUE;;3318.0
200;2021;2;2021Q2_FlexAgilitySolutionsFASMember;SEG_REVENUE;;3432.0
200;2021;3;2021Q3_FlexAgilitySolutionsFASMember;SEG_REVENUE;;3437.0
200;2021;4;2021Q4_FlexAgilitySolutionsFASMember;SEG_REVENUE;;3581.0
200;2022;2;2022Q2_FlexAgilitySolutionsFASMember;SEG_REVENUE;;3991.0
200;2022;3;2022Q3_FlexAgilitySolutionsFASMember;SEG_REVENUE;;4004.0
200;2022;4;2022Q4_FlexAgilitySolutionsFASMember;SEG_REVENUE;;4029.0
200;2023;2;2023Q2_FlexAgilitySolutionsFASMember;SEG_REVENUE;;3601.0
200;2023;3;2023Q3_FlexAgilitySolutionsFASMember;SEG_REVENUE;;3618.0
200;2023;4;2023Q4_FlexAgilitySolutionsFASMember;SEG_REVENUE;;3466.0
200;2024;2;2024Q2_FlexAgilitySolutionsFASMember;SEG_REVENUE;;3365.0
200;2024;3;2024Q3_FlexAgilitySolutionsFASMember;SEG_REVENUE;;3606.0
200;2024;4;2024Q4_FlexAgilitySolutionsFASMember;SEG_REVENUE;;3599.0
200;2025;2;2025Q2_FlexAgilitySolutionsFASMember;SEG_REVENUE;;3691.0
200;2025;3;2025Q3_FlexAgilitySolutionsFASMember;SEG_REVENUE;;3766.0
200;2025;4;2025Q4_FlexAgilitySolutionsFASMember;SEG_REVENUE;;3818.0
200;2022;2;2022Q2_FRSSegmentMember;SEG_REVENUE;;2969.0
200;2023;2;2023Q2_FRSSegmentMember;SEG_REVENUE;;3291.0
200;2019;2;2019Q2_IndustrialEmergingIndustriesIEIMember;SEG_REVENUE;;1636.914
200;2019;3;2019Q3_IndustrialEmergingIndustriesIEIMember;SEG_REVENUE;;1785.568
200;2019;4;2019Q4_IndustrialEmergingIndustriesIEIMember;SEG_REVENUE;;1988.865
200;2019;2;2019Q2_HighReliabilitySolutionsHRSMember;SEG_REVENUE;;1178.043
200;2019;3;2019Q3_HighReliabilitySolutionsHRSMember;SEG_REVENUE;;1188.631
200;2019;4;2019Q4_HighReliabilitySolutionsHRSMember;SEG_REVENUE;;1244.715
200;2019;2;2019Q2_CommunicationsandEnterpriseComputeMember;SEG_REVENUE;;1858.849
200;2019;3;2019Q3_CommunicationsandEnterpriseComputeMember;SEG_REVENUE;;1728.597
200;2019;4;2019Q4_CommunicationsandEnterpriseComputeMember;SEG_REVENUE;;1881.411
200;2022;2;2022Q2_NextrackerSegmentMember;SEG_REVENUE;;395.0
200;2023;2;2023Q2_NextrackerSegmentMember;SEG_REVENUE;;480.0
202;2019;1;2019Q1_CableProductsAndSolutionsMember;SEG_REVENUE;;95.8
202;2019;2;2019Q2_CableProductsAndSolutionsMember;SEG_REVENUE;;89.7
202;2019;3;2019Q3_CableProductsAndSolutionsMember;SEG_REVENUE;;99.8
202;2020;1;2020Q1_CableProductsAndSolutionsMember;SEG_REVENUE;;83.0
202;2020;2;2020Q2_CableProductsAndSolutionsMember;SEG_REVENUE;;89.0
202;2020;3;2020Q3_CableProductsAndSolutionsMember;SEG_REVENUE;;101.5
202;2021;1;2021Q1_CableProductsAndSolutionsMember;SEG_REVENUE;;97.1
202;2021;2;2021Q2_CableProductsAndSolutionsMember;SEG_REVENUE;;112.6
202;2021;3;2021Q3_CableProductsAndSolutionsMember;SEG_REVENUE;;119.3
202;2019;1;2019Q1_InterconnectProductsAndAssembliesMember;SEG_REVENUE;;1862.7
202;2019;2;2019Q2_InterconnectProductsAndAssembliesMember;SEG_REVENUE;;1925.6
202;2019;3;2019Q3_InterconnectProductsAndAssembliesMember;SEG_REVENUE;;2000.8
202;2020;1;2020Q1_InterconnectProductsAndAssembliesMember;SEG_REVENUE;;1779.0
202;2020;2;2020Q2_InterconnectProductsAndAssembliesMember;SEG_REVENUE;;1898.5
202;2020;3;2020Q3_InterconnectProductsAndAssembliesMember;SEG_REVENUE;;2221.9
202;2021;1;2021Q1_InterconnectProductsAndAssembliesMember;SEG_REVENUE;;2280.0
202;2021;2;2021Q2_InterconnectProductsAndAssembliesMember;SEG_REVENUE;;2541.3
202;2021;3;2021Q3_InterconnectProductsAndAssembliesMember;SEG_REVENUE;;2699.2
202;2019;1;2019Q1_CorporateAndOtherMember;SEG_REVENUE;;0.0
202;2019;2;2019Q2_CorporateAndOtherMember;SEG_REVENUE;;0.0
202;2019;3;2019Q3_CorporateAndOtherMember;SEG_REVENUE;;0.0
202;2020;1;2020Q1_CorporateAndOtherMember;SEG_REVENUE;;0.0
202;2020;2;2020Q2_CorporateAndOtherMember;SEG_REVENUE;;0.0
202;2020;3;2020Q3_CorporateAndOtherMember;SEG_REVENUE;;0.0
202;2021;1;2021Q1_CorporateAndOtherMember;SEG_REVENUE;;0.0
202;2021;2;2021Q2_CorporateAndOtherMember;SEG_REVENUE;;0.0
202;2021;3;2021Q3_CorporateAndOtherMember;SEG_REVENUE;;0.0
202;2021;1;2021Q1_CommunicationsSolutionsSegmentMember;SEG_REVENUE;;1028.0
202;2021;2;2021Q2_CommunicationsSolutionsSegmentMember;SEG_REVENUE;;1115.3
202;2021;3;2021Q3_CommunicationsSolutionsSegmentMember;SEG_REVENUE;;1271.1
202;2022;1;2022Q1_CommunicationsSolutionsSegmentMember;SEG_REVENUE;;1320.1
202;2022;2;2022Q2_CommunicationsSolutionsSegmentMember;SEG_REVENUE;;1378.5
202;2022;3;2022Q3_CommunicationsSolutionsSegmentMember;SEG_REVENUE;;1518.0
202;2023;1;2023Q1_CommunicationsSolutionsSegmentMember;SEG_REVENUE;;1126.7
202;2023;2;2023Q2_CommunicationsSolutionsSegmentMember;SEG_REVENUE;;1161.6
202;2023;3;2023Q3_CommunicationsSolutionsSegmentMember;SEG_REVENUE;;1279.2
202;2024;1;2024Q1_CommunicationsSolutionsSegmentMember;SEG_REVENUE;;1265.7
202;2024;2;2024Q2_CommunicationsSolutionsSegmentMember;SEG_REVENUE;;1444.6
202;2024;3;2024Q3_CommunicationsSolutionsSegmentMember;SEG_REVENUE;;1685.5
202;2025;1;2025Q1_CommunicationsSolutionsSegmentMember;SEG_REVENUE;;2413.7
202;2025;2;2025Q2_CommunicationsSolutionsSegmentMember;SEG_REVENUE;;2909.8
202;2025;3;2025Q3_CommunicationsSolutionsSegmentMember;SEG_REVENUE;;3309.5
202;2021;1;2021Q1_InterconnectAndSensorSystemsMember;SEG_REVENUE;;721.1
202;2021;2;2021Q2_InterconnectAndSensorSystemsMember;SEG_REVENUE;;842.3
202;2021;3;2021Q3_InterconnectAndSensorSystemsMember;SEG_REVENUE;;840.8
202;2022;1;2022Q1_InterconnectAndSensorSystemsMember;SEG_REVENUE;;904.2
202;2022;2;2022Q2_InterconnectAndSensorSystemsMember;SEG_REVENUE;;967.9
202;2022;3;2022Q3_InterconnectAndSensorSystemsMember;SEG_REVENUE;;983.4
202;2023;1;2023Q1_InterconnectAndSensorSystemsMember;SEG_REVENUE;;993.1
202;2023;2;2023Q2_InterconnectAndSensorSystemsMember;SEG_REVENUE;;1003.4
202;2023;3;2023Q3_InterconnectAndSensorSystemsMember;SEG_REVENUE;;1032.7
202;2024;1;2024Q1_InterconnectAndSensorSystemsMember;SEG_REVENUE;;1074.6
202;2024;2;2024Q2_InterconnectAndSensorSystemsMember;SEG_REVENUE;;1119.1
202;2024;3;2024Q3_InterconnectAndSensorSystemsMember;SEG_REVENUE;;1159.8
202;2025;1;2025Q1_InterconnectAndSensorSystemsMember;SEG_REVENUE;;1129.1
202;2025;2;2025Q2_InterconnectAndSensorSystemsMember;SEG_REVENUE;;1295.3
202;2025;3;2025Q3_InterconnectAndSensorSystemsMember;SEG_REVENUE;;1369.1
202;2021;1;2021Q1_HarshEnvironmentSolutionsSegmentMember;SEG_REVENUE;;628.0
202;2021;2;2021Q2_HarshEnvironmentSolutionsSegmentMember;SEG_REVENUE;;696.3
202;2021;3;2021Q3_HarshEnvironmentSolutionsSegmentMember;SEG_REVENUE;;706.6
202;2022;1;2022Q1_HarshEnvironmentSolutionsSegmentMember;SEG_REVENUE;;727.6
202;2022;2;2022Q2_HarshEnvironmentSolutionsSegmentMember;SEG_REVENUE;;790.4
202;2022;3;2022Q3_HarshEnvironmentSolutionsSegmentMember;SEG_REVENUE;;793.8
202;2023;1;2023Q1_HarshEnvironmentSolutionsSegmentMember;SEG_REVENUE;;854.2
202;2023;2;2023Q2_HarshEnvironmentSolutionsSegmentMember;SEG_REVENUE;;888.9
202;2023;3;2023Q3_HarshEnvironmentSolutionsSegmentMember;SEG_REVENUE;;887.3
202;2024;1;2024Q1_HarshEnvironmentSolutionsSegmentMember;SEG_REVENUE;;916.0
202;2024;2;2024Q2_HarshEnvironmentSolutionsSegmentMember;SEG_REVENUE;;1046.0
202;2024;3;2024Q3_HarshEnvironmentSolutionsSegmentMember;SEG_REVENUE;;1193.5
202;2025;1;2025Q1_HarshEnvironmentSolutionsSegmentMember;SEG_REVENUE;;1268.2
202;2025;2;2025Q2_HarshEnvironmentSolutionsSegmentMember;SEG_REVENUE;;1445.2
202;2025;3;2025Q3_HarshEnvironmentSolutionsSegmentMember;SEG_REVENUE;;1515.8
